PID,ArrivalTime,BurstTime,CPUUtilization,IOWait,Priority,WorkloadType
1,2130,5,62.53,46.53,1,INTERACTIVE
2,641,15,94.92,11.57,4,CPU_BOUND
3,1434,6,36.03,80.95,5,IO_BOUND
4,408,43,80.75,7.37,6,CPU_BOUND
5,1681,10,34.62,72.57,6,IO_BOUND
6,1731,8,17.14,75.41,5,IO_BOUND
7,2992,55,19.87,67.14,9,BACKGROUND
8,738,42,85.52,6.0,4,CPU_BOUND
9,322,21,93.5,9.43,6,CPU_BOUND
10,1607,3,30.58,71.95,4,IO_BOUND
11,2923,38,9.03,74.12,8,BACKGROUND
12,2232,1,79.11,59.2,3,INTERACTIVE
13,1400,6,29.45,78.62,6,IO_BOUND
14,1192,9,28.91,75.16,4,IO_BOUND
15,1607,6,33.71,70.77,6,IO_BOUND
16,1468,12,22.92,85.41,5,IO_BOUND
17,2044,6,66.87,55.43,2,INTERACTIVE
18,1411,5,36.87,68.75,7,IO_BOUND
19,455,17,85.74,16.6,5,CPU_BOUND
20,363,38,99.07,13.74,7,CPU_BOUND
21,1443,3,24.56,63.46,7,IO_BOUND
22,1235,11,29.6,89.24,6,IO_BOUND
23,1839,1,51.22,24.44,2,INTERACTIVE
24,706,32,95.9,1.58,7,CPU_BOUND
25,1669,4,19.24,74.2,4,IO_BOUND
26,1773,8,11.66,94.9,4,IO_BOUND
27,993,10,23.74,90.57,7,IO_BOUND
28,2572,41,8.42,63.46,8,BACKGROUND
29,544,60,86.39,19.76,6,CPU_BOUND
30,1215,2,19.4,87.5,7,IO_BOUND
31,729,60,81.47,5.36,7,CPU_BOUND
32,684,33,87.61,10.67,6,CPU_BOUND
33,336,50,84.14,4.32,5,CPU_BOUND
34,1923,3,63.27,25.85,2,INTERACTIVE
35,4,52,85.56,17.39,5,CPU_BOUND
36,2763,26,5.13,84.51,8,BACKGROUND
37,1392,2,26.45,66.6,7,IO_BOUND
38,2417,6,50.18,23.39,1,INTERACTIVE
39,2985,60,16.23,88.47,8,BACKGROUND
40,2708,58,18.8,69.59,9,BACKGROUND
41,186,50,95.16,13.81,7,CPU_BOUND
42,2600,66,15.29,83.82,10,BACKGROUND
43,1104,9,37.61,63.95,7,IO_BOUND
44,1136,2,25.91,61.7,7,IO_BOUND
45,2924,69,22.96,89.67,10,BACKGROUND
46,1874,1,51.73,58.78,3,INTERACTIVE
47,2272,3,78.72,40.53,3,INTERACTIVE
48,371,39,88.4,6.82,6,CPU_BOUND
49,767,24,86.97,6.86,5,CPU_BOUND
50,1089,6,20.81,83.69,7,IO_BOUND
51,350,20,86.44,2.97,5,CPU_BOUND
52,2828,38,22.71,67.61,8,BACKGROUND
53,2325,5,43.59,47.94,1,INTERACTIVE
54,2012,5,50.61,31.89,3,INTERACTIVE
55,1854,1,79.06,38.55,1,INTERACTIVE
56,2766,42,5.22,61.54,8,BACKGROUND
57,1222,10,28.95,88.44,7,IO_BOUND
58,2078,5,52.55,23.29,1,INTERACTIVE
59,2214,2,62.48,39.45,2,INTERACTIVE
60,1270,12,16.16,88.15,7,IO_BOUND
61,180,30,96.61,1.73,7,CPU_BOUND
62,2712,54,10.09,71.48,9,BACKGROUND
63,1224,7,21.77,91.2,6,IO_BOUND
64,1857,5,57.04,30.79,3,INTERACTIVE
65,1942,8,44.76,30.12,1,INTERACTIVE
66,201,19,88.01,1.48,4,CPU_BOUND
67,591,45,86.98,18.67,6,CPU_BOUND
68,1892,4,57.84,23.7,1,INTERACTIVE
69,2601,37,23.72,86.5,9,BACKGROUND
70,1750,3,12.59,81.16,7,IO_BOUND
71,2756,58,16.22,48.43,10,BACKGROUND
72,2357,1,59.2,52.32,3,INTERACTIVE
73,231,48,93.03,18.32,5,CPU_BOUND
74,2284,8,76.01,51.25,2,INTERACTIVE
75,910,52,82.18,2.11,7,CPU_BOUND
76,1703,8,37.8,80.17,4,IO_BOUND
77,480,55,83.65,2.7,7,CPU_BOUND
78,1810,9,30.77,67.22,6,IO_BOUND
79,2874,40,8.69,62.33,9,BACKGROUND
80,1701,8,28.14,80.23,5,IO_BOUND
81,2989,42,13.81,67.12,10,BACKGROUND
82,1654,10,13.09,88.61,4,IO_BOUND
83,498,23,81.34,15.57,6,CPU_BOUND
84,1410,2,19.91,89.52,5,IO_BOUND
85,12,25,87.4,4.19,6,CPU_BOUND
86,564,17,82.74,6.66,7,CPU_BOUND
87,1479,5,32.43,89.73,4,IO_BOUND
88,2090,2,78.32,26.8,3,INTERACTIVE
89,1246,8,34.34,85.21,7,IO_BOUND
90,728,58,91.72,7.6,6,CPU_BOUND
91,2260,4,57.85,34.77,3,INTERACTIVE
92,804,34,97.5,0.64,6,CPU_BOUND
93,1718,2,28.88,80.23,4,IO_BOUND
94,1367,5,15.01,63.61,4,IO_BOUND
95,1019,8,35.55,76.06,5,IO_BOUND
96,2045,4,44.48,49.38,1,INTERACTIVE
97,704,47,96.26,13.48,5,CPU_BOUND
98,2175,7,72.19,23.51,1,INTERACTIVE
99,1591,3,27.14,94.28,4,IO_BOUND
100,2291,5,62.44,24.95,3,INTERACTIVE
101,2280,3,72.77,39.55,1,INTERACTIVE
102,175,26,94.68,19.31,6,CPU_BOUND
103,1581,2,15.55,61.93,6,IO_BOUND
104,1679,8,31.53,92.03,4,IO_BOUND
105,1966,7,54.24,46.67,2,INTERACTIVE
106,1347,6,17.53,90.05,4,IO_BOUND
107,1916,3,59.68,47.51,1,INTERACTIVE
108,2398,3,55.16,51.5,1,INTERACTIVE
109,1055,9,33.56,87.29,5,IO_BOUND
110,772,19,86.01,16.2,4,CPU_BOUND
111,2052,8,56.34,54.52,1,INTERACTIVE
112,987,10,22.42,86.48,5,IO_BOUND
113,2508,44,13.59,59.97,8,BACKGROUND
114,181,44,91.4,13.36,6,CPU_BOUND
115,585,49,87.09,15.44,6,CPU_BOUND
116,2190,1,59.5,39.44,3,INTERACTIVE
117,2529,44,10.32,51.0,10,BACKGROUND
118,1584,12,18.53,83.13,5,IO_BOUND
119,2986,43,25.34,40.81,9,BACKGROUND
120,1479,2,31.92,80.17,4,IO_BOUND
121,2761,42,5.15,63.02,9,BACKGROUND
122,430,50,87.53,15.83,5,CPU_BOUND
123,1957,7,51.62,54.21,1,INTERACTIVE
124,802,29,85.84,5.5,6,CPU_BOUND
125,1622,5,21.15,89.03,6,IO_BOUND
126,1220,9,20.76,70.69,4,IO_BOUND
127,365,41,87.07,13.31,7,CPU_BOUND
128,1112,10,36.76,81.45,4,IO_BOUND
129,1317,10,38.74,89.68,6,IO_BOUND
130,2240,6,75.51,51.26,2,INTERACTIVE
131,954,4,28.07,92.24,5,IO_BOUND
132,1858,2,64.82,33.43,1,INTERACTIVE
133,2761,79,16.58,70.89,9,BACKGROUND
134,2707,58,18.46,50.49,8,BACKGROUND
135,2428,70,11.91,51.39,8,BACKGROUND
136,1839,6,79.02,28.09,1,INTERACTIVE
137,234,55,96.28,19.38,7,CPU_BOUND
138,951,10,30.81,92.51,6,IO_BOUND
139,1747,12,30.71,66.3,4,IO_BOUND
140,1357,2,22.35,72.29,5,IO_BOUND
141,921,9,13.06,87.78,4,IO_BOUND
142,341,16,83.48,1.05,7,CPU_BOUND
143,2062,7,52.37,58.34,2,INTERACTIVE
144,1301,11,10.14,66.13,4,IO_BOUND
145,2041,2,52.56,31.92,1,INTERACTIVE
146,2882,46,18.73,66.94,9,BACKGROUND
147,1632,5,15.78,69.68,6,IO_BOUND
148,849,39,95.47,15.06,5,CPU_BOUND
149,1539,5,16.79,74.3,4,IO_BOUND
150,1913,8,44.97,46.64,2,INTERACTIVE
151,1102,11,24.48,79.91,7,IO_BOUND
152,1140,3,21.62,81.02,6,IO_BOUND
153,1589,7,36.93,88.71,7,IO_BOUND
154,1934,6,76.84,26.52,1,INTERACTIVE
155,606,41,97.64,3.52,4,CPU_BOUND
156,259,53,90.16,17.59,4,CPU_BOUND
157,202,24,96.22,18.98,4,CPU_BOUND
158,2673,26,13.89,63.69,8,BACKGROUND
159,2231,1,55.73,21.48,3,INTERACTIVE
160,2115,3,43.59,48.41,2,INTERACTIVE
161,2347,8,46.82,27.75,3,INTERACTIVE
162,312,25,85.14,16.49,7,CPU_BOUND
163,2781,40,23.78,79.02,9,BACKGROUND
164,1860,4,45.54,33.4,3,INTERACTIVE
165,2221,2,46.17,34.55,1,INTERACTIVE
166,2216,2,46.68,24.72,1,INTERACTIVE
167,2774,26,29.73,72.81,9,BACKGROUND
168,821,47,95.0,13.89,6,CPU_BOUND
169,126,42,84.38,16.08,7,CPU_BOUND
170,475,52,94.7,6.65,4,CPU_BOUND
171,1613,9,33.52,74.49,4,IO_BOUND
172,220,19,81.19,15.85,6,CPU_BOUND
173,877,37,90.46,15.66,6,CPU_BOUND
174,2342,4,43.6,44.54,2,INTERACTIVE
175,1993,5,52.82,21.13,1,INTERACTIVE
176,1725,7,34.24,69.14,5,IO_BOUND
177,1957,8,77.56,34.7,1,INTERACTIVE
178,2723,34,14.47,45.25,8,BACKGROUND
179,2711,80,11.35,61.27,10,BACKGROUND
180,1712,9,25.38,76.42,6,IO_BOUND
181,2686,64,23.63,79.72,8,BACKGROUND
182,2020,5,57.32,41.6,1,INTERACTIVE
183,629,48,94.08,1.56,4,CPU_BOUND
184,580,60,82.76,4.15,6,CPU_BOUND
185,999,4,19.01,86.03,6,IO_BOUND
186,2639,79,18.36,76.27,8,BACKGROUND
187,439,17,88.22,13.53,5,CPU_BOUND
188,874,30,81.72,8.69,7,CPU_BOUND
189,2749,55,28.24,80.42,8,BACKGROUND
190,2105,4,68.53,48.34,3,INTERACTIVE
191,2209,3,47.98,44.23,1,INTERACTIVE
192,320,38,93.46,13.45,7,CPU_BOUND
193,2521,78,10.96,44.57,9,BACKGROUND
194,433,47,95.42,16.7,4,CPU_BOUND
195,896,51,95.69,14.79,5,CPU_BOUND
196,1720,11,10.82,76.97,5,IO_BOUND
197,2638,62,16.91,84.88,8,BACKGROUND
198,682,59,92.09,4.09,5,CPU_BOUND
199,1703,4,31.91,78.42,6,IO_BOUND
200,1111,12,31.8,76.87,7,IO_BOUND
201,2410,8,60.76,27.16,3,INTERACTIVE
202,1157,4,11.59,61.98,6,IO_BOUND
203,2228,2,53.53,36.07,1,INTERACTIVE
204,866,49,93.66,15.25,4,CPU_BOUND
205,2356,4,79.12,36.95,1,INTERACTIVE
206,2830,61,29.5,89.48,8,BACKGROUND
207,2863,21,10.67,59.27,9,BACKGROUND
208,2343,4,79.2,58.69,1,INTERACTIVE
209,1978,6,72.38,41.62,1,INTERACTIVE
210,2166,8,70.29,38.0,2,INTERACTIVE
211,697,56,94.79,9.22,6,CPU_BOUND
212,749,26,99.29,19.37,6,CPU_BOUND
213,1674,12,14.48,78.59,7,IO_BOUND
214,2246,4,73.29,32.16,2,INTERACTIVE
215,1672,7,24.83,83.11,4,IO_BOUND
216,2836,75,20.66,70.22,8,BACKGROUND
217,66,47,81.6,3.72,4,CPU_BOUND
218,2801,33,12.13,54.01,10,BACKGROUND
219,620,35,98.72,0.14,7,CPU_BOUND
220,807,52,93.78,17.22,7,CPU_BOUND
221,2775,28,13.84,61.7,9,BACKGROUND
222,796,37,99.04,9.69,5,CPU_BOUND
223,1843,7,74.28,39.57,1,INTERACTIVE
224,2588,79,15.6,52.34,9,BACKGROUND
225,1494,7,27.82,60.85,6,IO_BOUND
226,2263,7,74.88,43.37,3,INTERACTIVE
227,1087,3,37.14,82.55,7,IO_BOUND
228,1181,10,34.71,94.34,4,IO_BOUND
229,1996,7,43.89,33.81,2,INTERACTIVE
230,552,25,89.97,10.29,7,CPU_BOUND
231,2543,24,13.38,70.43,10,BACKGROUND
232,776,29,95.96,12.6,5,CPU_BOUND
233,674,39,84.86,4.07,4,CPU_BOUND
234,2755,45,5.35,49.51,10,BACKGROUND
235,2926,48,24.63,56.95,9,BACKGROUND
236,1694,4,12.54,82.48,7,IO_BOUND
237,1495,7,28.49,94.66,7,IO_BOUND
238,659,30,94.81,8.05,5,CPU_BOUND
239,1938,6,46.89,32.19,3,INTERACTIVE
240,2468,53,5.28,56.34,9,BACKGROUND
241,297,31,93.34,17.98,7,CPU_BOUND
242,2806,76,7.66,71.48,10,BACKGROUND
243,2820,67,25.36,64.75,10,BACKGROUND
244,2709,66,20.56,43.72,9,BACKGROUND
245,426,20,91.65,2.83,6,CPU_BOUND
246,562,39,90.09,15.29,6,CPU_BOUND
247,2827,52,22.69,66.25,9,BACKGROUND
248,36,57,89.51,11.0,6,CPU_BOUND
249,265,35,97.39,19.62,5,CPU_BOUND
250,299,58,90.93,1.48,6,CPU_BOUND
251,94,29,80.47,3.86,6,CPU_BOUND
252,1969,5,45.89,38.19,1,INTERACTIVE
253,2676,35,5.85,52.04,9,BACKGROUND
254,773,48,83.49,3.2,7,CPU_BOUND
255,1054,9,18.21,86.64,5,IO_BOUND
256,1666,11,27.88,71.39,4,IO_BOUND
257,1178,12,19.96,72.63,5,IO_BOUND
258,1373,10,35.16,61.0,6,IO_BOUND
259,808,51,87.02,5.62,5,CPU_BOUND
260,2867,77,6.08,47.56,9,BACKGROUND
261,225,47,90.8,8.76,4,CPU_BOUND
262,511,60,88.9,1.76,6,CPU_BOUND
263,583,48,87.54,19.13,7,CPU_BOUND
264,2216,1,70.8,42.28,1,INTERACTIVE
265,2170,1,46.87,39.08,3,INTERACTIVE
266,210,26,91.04,3.13,7,CPU_BOUND
267,152,23,99.61,10.68,7,CPU_BOUND
268,2398,1,47.04,30.47,1,INTERACTIVE
269,1004,2,17.48,75.98,6,IO_BOUND
270,1952,8,44.41,25.44,2,INTERACTIVE
271,1454,3,31.76,78.61,5,IO_BOUND
272,1058,12,22.88,75.02,7,IO_BOUND
273,2672,33,10.45,77.42,10,BACKGROUND
274,15,18,84.58,0.64,6,CPU_BOUND
275,985,6,23.19,69.22,6,IO_BOUND
276,2184,8,58.86,54.39,3,INTERACTIVE
277,2739,42,24.96,65.11,9,BACKGROUND
278,2372,6,56.84,48.98,2,INTERACTIVE
279,1451,3,24.04,82.36,6,IO_BOUND
280,1298,6,16.79,93.71,7,IO_BOUND
281,2761,38,12.48,54.68,8,BACKGROUND
282,2359,6,60.79,29.47,1,INTERACTIVE
283,2806,35,21.26,50.5,9,BACKGROUND
284,1961,7,44.91,53.52,3,INTERACTIVE
285,2807,32,22.62,86.28,8,BACKGROUND
286,722,53,95.38,19.1,7,CPU_BOUND
287,840,57,98.08,3.31,7,CPU_BOUND
288,1630,9,36.68,63.61,6,IO_BOUND
289,2657,29,25.7,50.53,10,BACKGROUND
290,216,31,95.76,12.5,5,CPU_BOUND
291,671,59,88.33,2.98,7,CPU_BOUND
292,1886,8,77.11,26.24,3,INTERACTIVE
293,993,8,14.49,79.83,4,IO_BOUND
294,278,31,86.77,13.85,4,CPU_BOUND
295,850,19,90.61,0.17,5,CPU_BOUND
296,2596,76,15.57,81.49,9,BACKGROUND
297,958,9,10.34,67.34,4,IO_BOUND
298,1204,5,32.45,91.62,6,IO_BOUND
299,1644,9,19.31,82.55,7,IO_BOUND
300,732,26,88.62,11.14,7,CPU_BOUND
301,1440,10,30.5,86.8,5,IO_BOUND
302,2695,75,19.98,49.0,10,BACKGROUND
303,2645,41,23.51,86.86,10,BACKGROUND
304,127,44,93.35,19.76,6,CPU_BOUND
305,2634,35,10.29,77.66,10,BACKGROUND
306,1756,8,19.98,62.1,6,IO_BOUND
307,1367,2,13.75,68.21,6,IO_BOUND
308,2428,42,27.54,54.73,10,BACKGROUND
309,341,19,89.52,15.56,4,CPU_BOUND
310,2907,34,14.81,81.13,10,BACKGROUND
311,2965,73,6.34,84.75,9,BACKGROUND
312,2934,31,22.77,63.04,9,BACKGROUND
313,2856,28,11.21,44.18,8,BACKGROUND
314,448,33,81.68,3.21,7,CPU_BOUND
315,1353,12,12.89,86.06,6,IO_BOUND
316,1122,9,13.42,86.58,5,IO_BOUND
317,1960,3,42.59,59.01,2,INTERACTIVE
318,228,35,92.07,0.52,5,CPU_BOUND
319,2354,1,51.12,36.8,2,INTERACTIVE
320,67,40,82.4,17.81,5,CPU_BOUND
321,2792,34,8.01,60.06,9,BACKGROUND
322,528,44,93.6,6.89,5,CPU_BOUND
323,789,26,87.47,2.83,7,CPU_BOUND
324,126,50,84.98,16.97,7,CPU_BOUND
325,1971,2,69.51,53.21,2,INTERACTIVE
326,252,22,89.23,2.35,5,CPU_BOUND
327,2834,36,29.29,66.87,10,BACKGROUND
328,1213,4,30.14,68.21,6,IO_BOUND
329,1322,4,39.53,92.06,6,IO_BOUND
330,516,47,84.48,19.7,5,CPU_BOUND
331,2185,4,51.79,53.18,2,INTERACTIVE
332,1,60,93.0,10.9,5,CPU_BOUND
333,107,42,81.4,13.28,6,CPU_BOUND
334,1895,7,54.91,31.39,2,INTERACTIVE
335,2351,1,79.68,47.72,3,INTERACTIVE
336,1873,5,44.48,25.92,1,INTERACTIVE
337,133,25,94.87,9.49,6,CPU_BOUND
338,1804,10,14.95,68.53,4,IO_BOUND
339,2499,78,17.34,89.62,10,BACKGROUND
340,1378,4,39.09,84.42,5,IO_BOUND
341,874,15,94.16,14.03,5,CPU_BOUND
342,2747,80,7.34,68.77,8,BACKGROUND
343,1510,10,39.3,63.49,6,IO_BOUND
344,611,44,99.78,10.87,7,CPU_BOUND
345,1130,8,11.4,82.16,4,IO_BOUND
346,830,28,99.36,16.5,7,CPU_BOUND
347,1291,2,33.52,77.87,5,IO_BOUND
348,2918,25,29.42,68.24,10,BACKGROUND
349,2010,3,64.59,34.53,2,INTERACTIVE
350,2784,28,7.74,45.39,8,BACKGROUND
351,1507,6,36.02,82.73,5,IO_BOUND
352,1806,2,36.39,62.83,4,IO_BOUND
353,2711,44,21.24,48.17,9,BACKGROUND
354,2320,8,41.67,52.51,3,INTERACTIVE
355,2644,61,21.05,68.09,9,BACKGROUND
356,954,9,14.22,86.09,5,IO_BOUND
357,689,16,85.22,18.7,7,CPU_BOUND
358,977,6,17.13,61.74,7,IO_BOUND
359,2170,2,57.35,20.72,2,INTERACTIVE
360,1209,12,26.49,70.17,4,IO_BOUND
361,1945,4,47.39,34.06,1,INTERACTIVE
362,1732,2,15.03,73.96,6,IO_BOUND
363,2198,1,46.45,49.05,2,INTERACTIVE
364,1103,11,21.39,72.55,4,IO_BOUND
365,424,31,94.47,13.13,5,CPU_BOUND
366,2861,72,9.08,56.59,8,BACKGROUND
367,88,26,97.63,0.5,6,CPU_BOUND
368,878,16,86.7,8.59,4,CPU_BOUND
369,1587,11,20.81,61.25,6,IO_BOUND
370,554,46,80.46,18.9,7,CPU_BOUND
371,928,9,10.88,83.91,5,IO_BOUND
372,2915,33,19.93,77.83,9,BACKGROUND
373,1189,3,12.2,66.23,6,IO_BOUND
374,1231,12,19.72,84.63,6,IO_BOUND
375,2776,27,9.74,42.01,9,BACKGROUND
376,1800,3,39.28,80.16,5,IO_BOUND
377,2401,7,75.14,22.62,1,INTERACTIVE
378,1127,3,17.63,66.86,4,IO_BOUND
379,2068,7,71.57,30.96,1,INTERACTIVE
380,2875,25,13.08,46.38,9,BACKGROUND
381,2364,5,74.0,36.07,3,INTERACTIVE
382,119,30,93.46,4.49,5,CPU_BOUND
383,9,17,94.59,10.72,7,CPU_BOUND
384,1108,12,36.19,78.17,4,IO_BOUND
385,1971,8,59.89,45.13,1,INTERACTIVE
386,2425,46,14.19,64.88,9,BACKGROUND
387,505,40,86.29,5.57,4,CPU_BOUND
388,393,42,96.89,4.87,7,CPU_BOUND
389,2222,8,53.65,40.2,1,INTERACTIVE
390,2384,6,74.08,42.64,2,INTERACTIVE
391,1684,8,21.45,79.08,5,IO_BOUND
392,996,4,18.26,65.03,7,IO_BOUND
393,737,32,86.02,9.86,4,CPU_BOUND
394,55,32,89.25,17.49,4,CPU_BOUND
395,1361,3,21.43,70.03,5,IO_BOUND
396,1611,2,29.37,76.85,7,IO_BOUND
397,274,17,82.52,19.31,6,CPU_BOUND
398,2151,7,65.23,23.72,3,INTERACTIVE
399,197,27,85.92,7.22,6,CPU_BOUND
400,2135,6,78.79,46.25,2,INTERACTIVE
401,93,27,96.33,9.21,6,CPU_BOUND
402,533,47,92.82,11.84,5,CPU_BOUND
403,1026,12,19.75,69.69,6,IO_BOUND
404,1767,11,10.11,84.77,7,IO_BOUND
405,806,20,88.78,19.88,5,CPU_BOUND
406,1258,11,12.89,76.66,4,IO_BOUND
407,996,6,21.49,77.0,7,IO_BOUND
408,2142,1,74.09,26.52,2,INTERACTIVE
409,2661,66,14.8,89.22,10,BACKGROUND
410,452,39,99.89,7.5,4,CPU_BOUND
411,644,45,80.63,8.18,5,CPU_BOUND
412,712,28,98.03,13.85,7,CPU_BOUND
413,1819,4,30.56,93.9,7,IO_BOUND
414,963,9,31.98,93.92,7,IO_BOUND
415,1087,11,30.07,65.22,4,IO_BOUND
416,1033,6,17.78,74.65,7,IO_BOUND
417,1233,11,26.33,66.08,7,IO_BOUND
418,796,46,85.78,3.74,7,CPU_BOUND
419,660,18,82.8,19.87,5,CPU_BOUND
420,724,16,92.68,15.67,7,CPU_BOUND
421,1381,12,32.47,90.71,7,IO_BOUND
422,1003,10,36.38,61.01,5,IO_BOUND
423,2560,52,6.95,76.25,9,BACKGROUND
424,1535,5,13.2,66.47,6,IO_BOUND
425,2483,49,19.4,76.86,9,BACKGROUND
426,1202,11,27.9,78.8,4,IO_BOUND
427,709,59,83.43,10.0,7,CPU_BOUND
428,2444,41,24.8,55.65,8,BACKGROUND
429,2588,78,25.33,71.55,10,BACKGROUND
430,1272,3,14.64,82.81,6,IO_BOUND
431,1559,9,34.9,75.81,4,IO_BOUND
432,1362,12,34.23,71.81,7,IO_BOUND
433,1245,4,15.61,72.68,4,IO_BOUND
434,837,59,98.19,17.64,6,CPU_BOUND
435,2193,4,68.57,41.13,2,INTERACTIVE
436,294,52,82.86,9.22,6,CPU_BOUND
437,2681,69,22.29,79.77,10,BACKGROUND
438,2549,44,10.11,41.9,10,BACKGROUND
439,1114,3,22.1,61.25,4,IO_BOUND
440,261,41,86.8,15.75,6,CPU_BOUND
441,1904,4,52.13,59.54,3,INTERACTIVE
442,1163,2,32.31,67.11,7,IO_BOUND
443,716,51,84.81,16.69,7,CPU_BOUND
444,669,50,89.91,19.45,7,CPU_BOUND
445,138,28,96.66,7.79,4,CPU_BOUND
446,1653,9,23.84,65.98,6,IO_BOUND
447,1884,6,79.12,25.92,2,INTERACTIVE
448,1536,11,16.97,84.06,6,IO_BOUND
449,924,3,10.65,62.26,7,IO_BOUND
450,1337,8,18.39,66.3,5,IO_BOUND
451,2961,37,15.13,54.92,10,BACKGROUND
452,2842,29,16.15,76.49,9,BACKGROUND
453,2478,30,20.09,86.96,10,BACKGROUND
454,946,10,35.82,93.62,6,IO_BOUND
455,1226,9,14.78,79.82,5,IO_BOUND
456,925,2,38.27,61.77,7,IO_BOUND
457,1114,9,23.41,64.15,7,IO_BOUND
458,2936,68,26.92,72.51,8,BACKGROUND
459,2521,34,28.97,44.83,10,BACKGROUND
460,2253,7,60.79,29.91,2,INTERACTIVE
461,902,55,96.79,17.54,6,CPU_BOUND
462,2216,2,71.27,44.39,1,INTERACTIVE
463,1030,12,19.59,64.9,4,IO_BOUND
464,1860,6,54.66,45.93,3,INTERACTIVE
465,503,38,87.44,15.26,5,CPU_BOUND
466,1628,6,37.97,84.05,4,IO_BOUND
467,1253,11,39.78,90.36,5,IO_BOUND
468,1771,11,26.06,94.71,6,IO_BOUND
469,167,40,98.83,3.97,5,CPU_BOUND
470,2619,41,14.27,84.51,9,BACKGROUND
471,54,27,83.8,8.97,7,CPU_BOUND
472,520,50,82.6,17.68,4,CPU_BOUND
473,975,10,31.66,85.55,6,IO_BOUND
474,308,52,87.3,2.63,6,CPU_BOUND
475,2060,1,67.63,51.55,1,INTERACTIVE
476,580,41,90.04,12.23,7,CPU_BOUND
477,2173,8,52.11,52.53,3,INTERACTIVE
478,1659,11,22.4,81.73,5,IO_BOUND
479,466,53,90.72,12.64,5,CPU_BOUND
480,803,51,82.28,15.5,6,CPU_BOUND
481,2032,7,56.41,54.41,1,INTERACTIVE
482,2035,4,71.88,32.42,2,INTERACTIVE
483,2066,4,74.38,26.41,2,INTERACTIVE
484,1824,2,69.62,56.99,1,INTERACTIVE
485,569,25,87.86,12.33,6,CPU_BOUND
486,2499,43,6.91,45.26,9,BACKGROUND
487,621,44,86.14,8.11,6,CPU_BOUND
488,1722,2,32.24,81.13,5,IO_BOUND
489,2030,6,58.5,29.61,3,INTERACTIVE
490,1828,6,56.76,49.88,2,INTERACTIVE
491,1249,9,16.32,65.64,7,IO_BOUND
492,405,52,81.12,10.15,6,CPU_BOUND
493,244,18,83.75,7.24,7,CPU_BOUND
494,1477,9,15.19,88.9,4,IO_BOUND
495,2112,5,46.79,39.71,2,INTERACTIVE
496,487,40,94.87,17.89,7,CPU_BOUND
497,1740,9,21.46,71.05,4,IO_BOUND
498,1662,8,11.98,67.29,7,IO_BOUND
499,1690,4,18.65,90.55,5,IO_BOUND
500,718,39,95.11,2.8,4,CPU_BOUND
501,1241,9,36.62,60.23,5,IO_BOUND
502,2475,75,10.14,61.61,10,BACKGROUND
503,2513,62,23.72,64.24,8,BACKGROUND
504,1573,12,15.42,91.45,5,IO_BOUND
505,934,8,36.48,76.77,4,IO_BOUND
506,1177,10,26.11,63.22,5,IO_BOUND
507,2527,80,15.7,51.62,8,BACKGROUND
508,498,57,92.75,7.27,5,CPU_BOUND
509,1935,4,73.26,51.8,3,INTERACTIVE
510,767,16,89.66,5.91,4,CPU_BOUND
511,2181,7,40.87,26.64,1,INTERACTIVE
512,1757,9,12.08,94.28,5,IO_BOUND
513,2957,40,19.21,89.39,9,BACKGROUND
514,2430,36,12.57,80.78,10,BACKGROUND
515,535,51,88.33,12.78,7,CPU_BOUND
516,2600,26,20.9,78.83,9,BACKGROUND
517,525,51,81.48,19.45,4,CPU_BOUND
518,32,24,87.48,3.23,4,CPU_BOUND
519,215,60,85.65,17.19,4,CPU_BOUND
520,1069,11,25.14,64.31,4,IO_BOUND
521,680,28,97.39,6.66,4,CPU_BOUND
522,2665,42,23.94,59.55,10,BACKGROUND
523,2700,47,29.43,72.91,8,BACKGROUND
524,2514,58,7.51,54.71,10,BACKGROUND
525,2654,63,16.39,70.07,8,BACKGROUND
526,1054,7,28.93,66.19,4,IO_BOUND
527,1563,8,19.7,60.87,7,IO_BOUND
528,2904,79,8.92,88.66,10,BACKGROUND
529,803,43,90.93,19.8,4,CPU_BOUND
530,167,59,95.45,17.01,4,CPU_BOUND
531,1851,1,59.19,32.19,3,INTERACTIVE
532,2058,8,67.31,58.53,1,INTERACTIVE
533,111,57,88.17,8.05,6,CPU_BOUND
534,938,7,27.91,61.03,6,IO_BOUND
535,2614,25,12.33,58.89,9,BACKGROUND
536,991,3,21.64,73.91,6,IO_BOUND
537,1864,5,42.18,34.91,2,INTERACTIVE
538,2102,4,54.79,47.37,2,INTERACTIVE
539,19,56,89.98,17.69,7,CPU_BOUND
540,2833,72,13.89,76.52,9,BACKGROUND
541,858,57,97.52,4.11,5,CPU_BOUND
542,82,50,80.19,1.5,5,CPU_BOUND
543,2724,53,23.21,55.33,9,BACKGROUND
544,1166,4,32.05,64.18,4,IO_BOUND
545,1555,6,23.19,90.95,6,IO_BOUND
546,885,25,85.1,2.06,4,CPU_BOUND
547,2531,61,20.6,42.2,8,BACKGROUND
548,1005,6,21.05,76.25,7,IO_BOUND
549,902,24,94.23,1.86,5,CPU_BOUND
550,2154,8,61.09,45.89,1,INTERACTIVE
551,370,24,94.82,19.44,4,CPU_BOUND
552,1636,10,20.51,71.15,5,IO_BOUND
553,2691,45,25.32,40.99,10,BACKGROUND
554,2641,61,13.58,85.51,10,BACKGROUND
555,1089,6,23.93,63.49,5,IO_BOUND
556,1274,10,22.71,72.8,6,IO_BOUND
557,1039,3,24.12,85.93,5,IO_BOUND
558,1492,3,17.99,75.05,4,IO_BOUND
559,1893,4,71.25,50.68,1,INTERACTIVE
560,411,52,91.09,15.84,4,CPU_BOUND
561,1835,1,75.62,25.8,3,INTERACTIVE
562,2554,58,26.82,66.07,8,BACKGROUND
563,1707,9,28.92,83.23,4,IO_BOUND
564,1223,2,26.55,79.02,7,IO_BOUND
565,2379,6,78.81,40.71,3,INTERACTIVE
566,1760,4,29.36,63.8,7,IO_BOUND
567,114,40,90.96,0.01,6,CPU_BOUND
568,1098,8,29.47,87.89,4,IO_BOUND
569,1641,8,11.61,74.93,5,IO_BOUND
570,2883,44,7.09,75.75,10,BACKGROUND
571,1386,2,25.7,86.54,5,IO_BOUND
572,756,31,93.17,14.3,7,CPU_BOUND
573,576,59,92.59,11.94,6,CPU_BOUND
574,50,21,93.18,7.09,7,CPU_BOUND
575,735,15,85.84,7.76,4,CPU_BOUND
576,2394,1,42.95,21.2,1,INTERACTIVE
577,2338,6,78.88,35.06,3,INTERACTIVE
578,2524,40,19.05,49.48,8,BACKGROUND
579,2820,30,15.94,65.46,10,BACKGROUND
580,1753,6,14.86,62.59,4,IO_BOUND
581,2976,62,29.66,86.95,10,BACKGROUND
582,422,19,86.59,11.16,7,CPU_BOUND
583,2353,6,57.3,59.8,2,INTERACTIVE
584,1513,11,25.95,66.52,7,IO_BOUND
585,2871,59,25.44,57.42,8,BACKGROUND
586,189,16,81.86,4.43,5,CPU_BOUND
587,2610,71,23.98,52.97,9,BACKGROUND
588,1044,9,11.61,82.2,4,IO_BOUND
589,430,56,93.41,10.17,4,CPU_BOUND
590,579,16,88.82,8.38,7,CPU_BOUND
591,916,34,89.27,17.05,4,CPU_BOUND
592,53,40,94.56,16.01,4,CPU_BOUND
593,625,59,90.98,9.42,5,CPU_BOUND
594,1750,7,16.58,69.92,5,IO_BOUND
595,539,44,81.46,1.2,7,CPU_BOUND
596,2957,79,25.21,79.48,9,BACKGROUND
597,858,42,86.29,2.8,6,CPU_BOUND
598,1080,3,33.54,77.42,5,IO_BOUND
599,1564,10,31.22,85.44,5,IO_BOUND
600,436,59,95.42,16.18,5,CPU_BOUND
601,1732,11,32.03,72.08,6,IO_BOUND
602,1082,10,39.19,72.53,7,IO_BOUND
603,2572,49,12.08,68.11,9,BACKGROUND
604,1095,8,38.87,69.51,7,IO_BOUND
605,736,51,90.42,13.71,5,CPU_BOUND
606,1888,5,58.96,31.59,3,INTERACTIVE
607,258,45,84.87,11.03,7,CPU_BOUND
608,2195,8,64.91,45.85,2,INTERACTIVE
609,2316,7,57.84,53.85,3,INTERACTIVE
610,2126,8,41.63,34.26,3,INTERACTIVE
611,899,38,91.83,9.87,5,CPU_BOUND
612,2130,6,41.04,47.25,3,INTERACTIVE
613,732,43,87.2,5.4,5,CPU_BOUND
614,1143,8,39.39,92.06,5,IO_BOUND
615,1244,4,16.9,78.01,6,IO_BOUND
616,2108,8,76.33,59.87,3,INTERACTIVE
617,1885,5,44.86,21.0,2,INTERACTIVE
618,1703,11,24.5,72.9,7,IO_BOUND
619,2529,40,9.34,60.11,9,BACKGROUND
620,2588,64,21.64,47.39,10,BACKGROUND
621,1567,10,21.42,86.89,6,IO_BOUND
622,2276,5,41.61,26.13,2,INTERACTIVE
623,35,46,96.32,19.56,5,CPU_BOUND
624,2850,80,23.24,72.38,8,BACKGROUND
625,921,2,34.91,94.39,5,IO_BOUND
626,2389,4,76.8,45.55,3,INTERACTIVE
627,537,56,99.13,9.66,7,CPU_BOUND
628,2766,53,17.86,47.69,8,BACKGROUND
629,2348,2,63.53,49.84,1,INTERACTIVE
630,1951,3,73.39,59.25,2,INTERACTIVE
631,1939,5,45.01,25.21,1,INTERACTIVE
632,44,22,84.96,1.28,4,CPU_BOUND
633,1024,6,30.53,76.86,6,IO_BOUND
634,1122,7,20.65,82.18,6,IO_BOUND
635,2279,7,41.95,55.77,2,INTERACTIVE
636,1158,6,30.5,65.12,4,IO_BOUND
637,2252,4,54.01,31.38,3,INTERACTIVE
638,2502,48,9.12,50.37,8,BACKGROUND
639,2216,1,77.07,37.51,2,INTERACTIVE
640,1254,8,28.03,87.81,5,IO_BOUND
641,63,44,85.7,13.93,7,CPU_BOUND
642,1033,11,31.24,80.02,5,IO_BOUND
643,1407,8,19.35,87.98,6,IO_BOUND
644,2327,7,48.43,40.19,2,INTERACTIVE
645,2377,3,45.9,32.35,2,INTERACTIVE
646,783,32,95.05,16.17,4,CPU_BOUND
647,1391,6,10.27,75.07,6,IO_BOUND
648,1189,12,14.61,76.07,6,IO_BOUND
649,1526,4,19.27,84.68,5,IO_BOUND
650,2519,23,24.31,78.36,8,BACKGROUND
651,120,16,80.92,19.68,4,CPU_BOUND
652,2464,25,9.29,73.74,8,BACKGROUND
653,1431,5,27.0,79.03,6,IO_BOUND
654,1924,6,46.53,30.91,2,INTERACTIVE
655,2340,2,58.51,57.45,2,INTERACTIVE
656,432,34,83.61,4.28,7,CPU_BOUND
657,1338,3,31.62,88.14,7,IO_BOUND
658,1262,9,33.69,73.34,4,IO_BOUND
659,2719,60,7.22,85.46,9,BACKGROUND
660,167,37,90.65,13.23,4,CPU_BOUND
661,715,60,96.42,18.58,6,CPU_BOUND
662,2050,7,48.72,24.27,1,INTERACTIVE
663,2658,64,23.39,86.16,8,BACKGROUND
664,2299,2,44.59,23.97,1,INTERACTIVE
665,213,59,91.88,5.83,5,CPU_BOUND
666,598,49,85.42,11.24,6,CPU_BOUND
667,2093,2,48.98,28.13,2,INTERACTIVE
668,2340,7,47.09,50.72,3,INTERACTIVE
669,872,49,86.54,11.73,4,CPU_BOUND
670,2633,30,27.41,87.75,9,BACKGROUND
671,2370,6,63.51,24.32,1,INTERACTIVE
672,1623,10,19.07,63.93,4,IO_BOUND
673,2175,4,59.24,25.81,1,INTERACTIVE
674,1341,5,14.38,93.57,5,IO_BOUND
675,1277,5,22.4,87.43,7,IO_BOUND
676,448,27,96.03,2.77,6,CPU_BOUND
677,765,38,87.82,15.45,5,CPU_BOUND
678,1665,11,33.62,79.06,5,IO_BOUND
679,658,24,85.51,18.75,4,CPU_BOUND
680,1805,3,33.73,82.13,7,IO_BOUND
681,72,30,87.39,3.15,6,CPU_BOUND
682,1454,3,35.03,62.73,5,IO_BOUND
683,795,55,90.75,18.38,5,CPU_BOUND
684,1824,6,16.29,68.8,7,IO_BOUND
685,510,27,82.45,17.06,7,CPU_BOUND
686,428,56,93.97,7.84,4,CPU_BOUND
687,835,36,97.88,15.25,4,CPU_BOUND
688,1880,8,58.32,42.69,2,INTERACTIVE
689,2934,24,12.0,58.17,8,BACKGROUND
690,1061,7,32.71,78.59,4,IO_BOUND
691,2402,4,47.67,35.13,2,INTERACTIVE
692,1764,12,21.71,65.31,6,IO_BOUND
693,484,17,95.07,3.82,6,CPU_BOUND
694,2761,27,13.45,73.95,10,BACKGROUND
695,1875,5,47.56,20.88,1,INTERACTIVE
696,2212,6,75.24,34.28,1,INTERACTIVE
697,2381,2,53.66,46.71,3,INTERACTIVE
698,2364,7,42.63,47.1,3,INTERACTIVE
699,2559,25,9.34,67.44,8,BACKGROUND
700,1423,9,16.98,94.36,6,IO_BOUND
701,1049,8,11.62,89.9,5,IO_BOUND
702,2404,7,79.08,29.78,1,INTERACTIVE
703,1001,8,28.15,63.13,7,IO_BOUND
704,183,48,98.96,1.71,7,CPU_BOUND
705,2480,53,13.22,68.46,9,BACKGROUND
706,1189,5,30.11,87.08,7,IO_BOUND
707,629,50,98.06,4.04,5,CPU_BOUND
708,1503,12,10.55,80.41,4,IO_BOUND
709,1170,7,27.91,87.08,6,IO_BOUND
710,1616,4,18.41,61.09,7,IO_BOUND
711,2278,6,52.13,39.44,1,INTERACTIVE
712,2627,60,14.01,42.29,10,BACKGROUND
713,1666,12,30.09,85.88,7,IO_BOUND
714,1160,5,32.61,61.13,7,IO_BOUND
715,500,39,98.99,0.65,5,CPU_BOUND
716,1616,11,30.56,87.98,6,IO_BOUND
717,449,42,81.83,18.21,7,CPU_BOUND
718,1851,4,45.31,31.83,3,INTERACTIVE
719,1284,9,37.78,75.24,4,IO_BOUND
720,194,50,86.62,14.06,6,CPU_BOUND
721,2829,22,18.34,54.59,10,BACKGROUND
722,109,57,96.96,14.4,6,CPU_BOUND
723,2102,1,58.76,54.86,3,INTERACTIVE
724,395,25,81.53,12.66,5,CPU_BOUND
725,2907,80,8.13,50.59,10,BACKGROUND
726,1475,11,17.5,68.97,6,IO_BOUND
727,1328,10,10.98,72.16,5,IO_BOUND
728,2620,42,26.83,80.31,8,BACKGROUND
729,1911,4,41.07,20.1,2,INTERACTIVE
730,365,33,92.01,7.03,5,CPU_BOUND
731,1846,8,51.17,49.2,3,INTERACTIVE
732,2254,6,58.17,25.86,2,INTERACTIVE
733,134,55,85.55,15.55,7,CPU_BOUND
734,1454,7,33.83,62.04,6,IO_BOUND
735,378,32,84.31,10.25,6,CPU_BOUND
736,2345,8,76.18,48.28,1,INTERACTIVE
737,698,23,94.41,9.77,4,CPU_BOUND
738,551,25,96.27,18.68,6,CPU_BOUND
739,1644,9,27.03,63.25,7,IO_BOUND
740,1296,8,27.58,78.12,4,IO_BOUND
741,1900,7,72.15,31.55,3,INTERACTIVE
742,950,8,33.76,93.62,6,IO_BOUND
743,1305,9,30.45,91.38,4,IO_BOUND
744,1375,9,24.02,90.48,6,IO_BOUND
745,172,38,92.71,16.57,5,CPU_BOUND
746,1416,7,14.76,85.49,4,IO_BOUND
747,2367,4,74.58,51.5,3,INTERACTIVE
748,2437,80,15.14,69.0,10,BACKGROUND
749,2967,68,12.42,49.93,9,BACKGROUND
750,2511,22,5.27,45.73,8,BACKGROUND
751,1541,8,16.68,83.5,5,IO_BOUND
752,1064,3,34.72,70.44,6,IO_BOUND
753,2678,64,19.9,48.62,10,BACKGROUND
754,1908,3,73.29,31.58,2,INTERACTIVE
755,2873,78,17.48,58.46,9,BACKGROUND
756,759,49,80.74,19.37,4,CPU_BOUND
757,1889,3,67.12,24.68,1,INTERACTIVE
758,2144,3,44.82,39.63,2,INTERACTIVE
759,2325,5,41.82,49.57,3,INTERACTIVE
760,1047,5,25.01,90.36,7,IO_BOUND
761,2285,3,60.19,38.44,2,INTERACTIVE
762,605,49,94.77,17.01,4,CPU_BOUND
763,941,7,38.43,79.73,5,IO_BOUND
764,2947,25,9.51,45.42,9,BACKGROUND
765,1903,7,45.58,43.49,1,INTERACTIVE
766,2004,8,63.52,59.43,2,INTERACTIVE
767,1740,10,29.12,93.47,7,IO_BOUND
768,2958,23,10.29,41.15,10,BACKGROUND
769,366,57,89.64,16.95,6,CPU_BOUND
770,1520,5,14.55,91.4,5,IO_BOUND
771,755,44,98.86,4.19,6,CPU_BOUND
772,686,45,95.23,6.4,5,CPU_BOUND
773,2986,58,14.44,57.4,8,BACKGROUND
774,993,11,33.39,87.5,6,IO_BOUND
775,1370,6,28.54,62.95,7,IO_BOUND
776,2667,38,22.41,49.75,10,BACKGROUND
777,1532,7,35.19,65.09,4,IO_BOUND
778,2395,5,57.62,45.25,2,INTERACTIVE
779,153,18,85.2,6.55,7,CPU_BOUND
780,1931,3,60.73,34.92,2,INTERACTIVE
781,2705,28,19.43,74.76,10,BACKGROUND
782,1785,8,11.89,78.92,6,IO_BOUND
783,1935,8,53.93,47.64,1,INTERACTIVE
784,2761,67,20.78,59.68,9,BACKGROUND
785,2062,4,74.31,35.54,2,INTERACTIVE
786,115,42,95.72,12.13,6,CPU_BOUND
787,946,2,14.43,84.66,5,IO_BOUND
788,2119,5,69.91,57.05,2,INTERACTIVE
789,931,2,28.42,81.59,6,IO_BOUND
790,663,34,97.53,19.71,5,CPU_BOUND
791,1405,5,12.71,60.52,5,IO_BOUND
792,2809,39,23.13,89.48,8,BACKGROUND
793,2397,3,53.59,42.18,1,INTERACTIVE
794,1206,4,16.62,89.22,5,IO_BOUND
795,1072,8,23.33,64.33,6,IO_BOUND
796,1775,10,35.6,71.9,7,IO_BOUND
797,886,47,80.05,17.17,4,CPU_BOUND
798,2923,80,22.96,84.22,10,BACKGROUND
799,779,40,80.58,12.28,5,CPU_BOUND
800,373,24,83.15,12.36,4,CPU_BOUND
801,1422,3,17.46,77.5,6,IO_BOUND
802,1006,9,27.61,72.24,5,IO_BOUND
803,1163,8,21.63,93.48,6,IO_BOUND
804,530,34,83.29,6.45,5,CPU_BOUND
805,1117,7,20.9,61.9,5,IO_BOUND
806,1906,2,77.33,43.63,2,INTERACTIVE
807,2164,1,43.33,55.07,2,INTERACTIVE
808,2887,33,25.7,42.79,8,BACKGROUND
809,2629,63,16.11,70.34,9,BACKGROUND
810,2111,6,45.29,55.69,1,INTERACTIVE
811,2833,46,27.46,54.74,8,BACKGROUND
812,329,22,81.94,17.75,5,CPU_BOUND
813,2772,45,14.36,58.22,8,BACKGROUND
814,1751,12,23.6,94.83,7,IO_BOUND
815,542,45,89.29,6.8,5,CPU_BOUND
816,2156,8,57.49,56.29,2,INTERACTIVE
817,2008,6,59.87,52.46,3,INTERACTIVE
818,996,8,36.69,71.6,5,IO_BOUND
819,420,39,88.18,6.77,4,CPU_BOUND
820,741,44,82.14,6.09,7,CPU_BOUND
821,2123,8,70.55,26.05,3,INTERACTIVE
822,2095,8,55.28,37.25,1,INTERACTIVE
823,2367,6,66.04,47.03,1,INTERACTIVE
824,1325,5,32.51,64.49,7,IO_BOUND
825,2150,2,70.26,52.44,3,INTERACTIVE
826,1292,12,11.08,68.37,4,IO_BOUND
827,2780,80,16.98,73.26,9,BACKGROUND
828,498,24,96.97,13.56,7,CPU_BOUND
829,1473,6,37.57,77.89,5,IO_BOUND
830,2023,7,50.05,40.61,3,INTERACTIVE
831,811,41,98.38,19.85,5,CPU_BOUND
832,1647,5,38.42,65.03,6,IO_BOUND
833,2569,68,8.9,87.69,9,BACKGROUND
834,845,15,80.16,6.87,4,CPU_BOUND
835,105,17,94.18,0.03,5,CPU_BOUND
836,2733,62,8.16,58.94,10,BACKGROUND
837,2877,40,17.36,64.06,9,BACKGROUND
838,1475,11,21.99,92.13,4,IO_BOUND
839,574,16,87.37,13.48,7,CPU_BOUND
840,1536,9,14.02,89.61,7,IO_BOUND
841,621,43,95.08,19.08,6,CPU_BOUND
842,1715,7,38.82,87.94,6,IO_BOUND
843,460,33,84.75,2.44,5,CPU_BOUND
844,1250,4,17.75,66.3,7,IO_BOUND
845,363,20,96.64,1.86,4,CPU_BOUND
846,2791,64,23.26,70.56,8,BACKGROUND
847,532,48,97.9,16.92,6,CPU_BOUND
848,1700,10,34.6,73.47,5,IO_BOUND
849,936,8,33.46,72.57,7,IO_BOUND
850,2793,79,8.66,40.88,8,BACKGROUND
851,368,26,85.47,15.25,6,CPU_BOUND
852,786,54,87.85,2.28,6,CPU_BOUND
853,178,44,88.71,14.62,6,CPU_BOUND
854,149,57,93.58,8.09,5,CPU_BOUND
855,477,49,86.77,12.86,7,CPU_BOUND
856,810,60,85.85,11.45,4,CPU_BOUND
857,1677,5,16.17,90.71,6,IO_BOUND
858,196,31,84.61,14.43,6,CPU_BOUND
859,2380,1,49.5,52.77,3,INTERACTIVE
860,2390,8,64.96,29.56,3,INTERACTIVE
861,96,19,99.34,5.58,7,CPU_BOUND
862,2698,71,12.86,41.96,10,BACKGROUND
863,966,8,20.54,73.14,7,IO_BOUND
864,2479,29,16.14,81.23,10,BACKGROUND
865,2450,74,18.96,58.74,10,BACKGROUND
866,91,57,97.28,16.21,6,CPU_BOUND
867,1222,6,32.01,81.93,4,IO_BOUND
868,206,43,98.17,5.95,7,CPU_BOUND
869,878,38,82.54,15.62,6,CPU_BOUND
870,1889,8,53.55,24.49,2,INTERACTIVE
871,2671,56,8.44,74.8,9,BACKGROUND
872,562,23,99.5,7.88,6,CPU_BOUND
873,2440,34,10.67,77.46,9,BACKGROUND
874,747,35,92.06,13.91,7,CPU_BOUND
875,2694,24,17.97,69.24,10,BACKGROUND
876,894,20,91.06,0.16,5,CPU_BOUND
877,1641,2,13.9,76.48,4,IO_BOUND
878,1782,2,15.79,85.19,5,IO_BOUND
879,2370,4,76.17,25.04,3,INTERACTIVE
880,783,49,83.74,6.52,7,CPU_BOUND
881,2087,7,77.79,55.37,1,INTERACTIVE
882,987,8,34.55,74.65,7,IO_BOUND
883,2479,52,22.92,62.95,8,BACKGROUND
884,2630,75,18.0,68.59,10,BACKGROUND
885,1044,7,21.15,80.49,7,IO_BOUND
886,303,27,99.99,17.07,4,CPU_BOUND
887,2018,7,48.39,51.83,3,INTERACTIVE
888,2076,8,67.81,50.48,3,INTERACTIVE
889,1617,11,28.17,66.56,4,IO_BOUND
890,864,39,82.25,9.99,4,CPU_BOUND
891,891,19,91.43,2.39,4,CPU_BOUND
892,2797,61,6.29,45.5,9,BACKGROUND
893,1189,10,12.47,63.36,4,IO_BOUND
894,2673,52,21.25,69.67,8,BACKGROUND
895,7,36,85.56,4.31,6,CPU_BOUND
896,1529,4,29.69,79.77,5,IO_BOUND
897,1231,8,24.09,75.91,4,IO_BOUND
898,46,19,98.11,17.19,4,CPU_BOUND
899,335,17,93.81,4.35,7,CPU_BOUND
900,1469,8,32.97,92.42,6,IO_BOUND
901,2001,2,76.42,22.62,2,INTERACTIVE
902,971,7,27.82,81.48,7,IO_BOUND
903,31,47,98.25,17.41,6,CPU_BOUND
904,909,43,85.44,1.49,5,CPU_BOUND
905,2314,2,49.85,42.19,1,INTERACTIVE
906,1771,2,21.53,84.12,7,IO_BOUND
907,1205,8,37.17,89.8,5,IO_BOUND
908,1628,2,23.78,84.98,4,IO_BOUND
909,2890,43,6.35,45.3,10,BACKGROUND
910,1238,5,25.49,72.35,6,IO_BOUND
911,2629,42,15.7,86.57,9,BACKGROUND
912,2580,79,19.14,49.71,9,BACKGROUND
913,1133,9,29.75,93.47,5,IO_BOUND
914,2064,5,43.61,52.91,1,INTERACTIVE
915,2689,50,30.0,75.14,9,BACKGROUND
916,1822,4,14.79,92.29,4,IO_BOUND
917,1458,3,32.99,80.18,7,IO_BOUND
918,1814,9,28.36,63.08,6,IO_BOUND
919,2513,55,21.43,75.68,9,BACKGROUND
920,2291,8,69.44,45.84,1,INTERACTIVE
921,1802,5,32.93,80.76,6,IO_BOUND
922,1598,11,26.88,78.19,7,IO_BOUND
923,2175,4,44.48,20.64,1,INTERACTIVE
924,900,24,80.13,8.2,5,CPU_BOUND
925,2490,31,27.5,76.66,9,BACKGROUND
926,199,15,91.48,9.39,7,CPU_BOUND
927,603,56,98.7,17.57,7,CPU_BOUND
928,711,51,99.55,19.48,4,CPU_BOUND
929,1069,5,16.73,94.47,5,IO_BOUND
930,159,30,83.99,0.41,5,CPU_BOUND
931,513,60,81.3,10.84,6,CPU_BOUND
932,1436,9,10.02,82.33,7,IO_BOUND
933,1487,11,27.26,63.15,7,IO_BOUND
934,1280,8,32.07,89.92,4,IO_BOUND
935,972,2,13.04,67.19,5,IO_BOUND
936,1860,8,69.5,50.09,3,INTERACTIVE
937,2011,8,65.42,58.96,1,INTERACTIVE
938,1169,7,23.99,92.81,4,IO_BOUND
939,704,48,94.44,10.71,6,CPU_BOUND
940,100,17,82.17,8.69,6,CPU_BOUND
941,2901,78,19.3,55.3,8,BACKGROUND
942,2562,39,12.13,62.41,10,BACKGROUND
943,53,18,93.47,19.68,4,CPU_BOUND
944,169,15,96.99,16.45,4,CPU_BOUND
945,397,37,94.55,16.38,5,CPU_BOUND
946,1847,4,53.09,43.18,3,INTERACTIVE
947,1921,2,54.93,49.32,1,INTERACTIVE
948,1813,8,17.18,66.11,4,IO_BOUND
949,1742,7,18.11,88.08,6,IO_BOUND
950,2684,21,19.67,89.37,9,BACKGROUND
951,1907,8,68.41,50.21,1,INTERACTIVE
952,612,47,89.36,3.86,4,CPU_BOUND
953,2563,37,26.56,64.06,9,BACKGROUND
954,1113,9,19.62,71.58,6,IO_BOUND
955,280,58,97.19,7.6,6,CPU_BOUND
956,1350,3,30.72,62.1,6,IO_BOUND
957,1386,6,20.97,69.09,6,IO_BOUND
958,2317,3,54.93,59.41,1,INTERACTIVE
959,2137,3,48.45,21.95,3,INTERACTIVE
960,1213,5,19.53,75.77,6,IO_BOUND
961,2024,1,65.11,40.65,1,INTERACTIVE
962,1944,1,70.18,51.29,3,INTERACTIVE
963,1229,7,11.21,86.65,5,IO_BOUND
964,1589,6,24.12,64.27,6,IO_BOUND
965,1471,9,23.42,73.9,4,IO_BOUND
966,1165,6,23.46,94.42,4,IO_BOUND
967,1489,10,21.98,62.98,7,IO_BOUND
968,752,51,95.64,6.52,6,CPU_BOUND
969,1037,10,19.01,65.95,5,IO_BOUND
970,2605,66,15.77,48.82,8,BACKGROUND
971,789,54,83.45,13.47,6,CPU_BOUND
972,1781,3,36.56,75.33,5,IO_BOUND
973,1009,5,29.42,83.72,6,IO_BOUND
974,2309,1,52.73,42.12,1,INTERACTIVE
975,370,15,83.63,2.87,7,CPU_BOUND
976,250,59,89.69,0.58,5,CPU_BOUND
977,1114,11,38.9,82.31,5,IO_BOUND
978,1296,10,18.53,89.04,6,IO_BOUND
979,39,28,98.58,15.11,5,CPU_BOUND
980,64,27,85.93,19.37,4,CPU_BOUND
981,2090,1,68.74,37.41,2,INTERACTIVE
982,644,37,94.01,10.82,4,CPU_BOUND
983,2874,27,19.45,87.98,9,BACKGROUND
984,952,12,27.67,66.14,6,IO_BOUND
985,913,35,88.13,10.72,5,CPU_BOUND
986,560,49,80.16,2.15,5,CPU_BOUND
987,905,42,93.25,2.61,6,CPU_BOUND
988,2830,20,21.22,71.63,9,BACKGROUND
989,2107,2,43.81,22.35,2,INTERACTIVE
990,517,46,80.53,11.08,6,CPU_BOUND
991,1545,7,36.0,91.07,7,IO_BOUND
992,1860,1,44.44,34.62,3,INTERACTIVE
993,414,51,93.04,6.43,7,CPU_BOUND
994,832,35,96.57,6.76,5,CPU_BOUND
995,1502,10,25.7,69.05,7,IO_BOUND
996,1189,5,26.13,84.6,7,IO_BOUND
997,1946,5,77.95,33.91,1,INTERACTIVE
998,1426,5,10.64,73.22,5,IO_BOUND
999,1750,2,28.58,61.99,5,IO_BOUND
1000,2035,4,56.23,24.54,1,INTERACTIVE
1001,291,26,81.58,17.42,5,CPU_BOUND
1002,1673,4,36.62,91.61,4,IO_BOUND
1003,1571,6,19.29,86.9,7,IO_BOUND
1004,743,54,87.6,17.24,7,CPU_BOUND
1005,1482,2,19.14,61.44,5,IO_BOUND
1006,600,15,99.29,19.56,5,CPU_BOUND
1007,2856,44,14.6,45.5,8,BACKGROUND
1008,2074,6,56.83,49.17,3,INTERACTIVE
1009,2683,60,21.33,58.37,8,BACKGROUND
1010,1560,11,38.14,84.36,5,IO_BOUND
1011,1568,4,36.06,66.26,4,IO_BOUND
1012,2428,21,9.49,51.69,10,BACKGROUND
1013,2392,7,48.21,27.37,1,INTERACTIVE
1014,2921,42,23.79,87.94,10,BACKGROUND
1015,2304,1,68.53,31.92,1,INTERACTIVE
1016,2930,33,29.93,70.34,8,BACKGROUND
1017,1201,4,32.4,87.89,6,IO_BOUND
1018,2896,38,7.78,43.0,10,BACKGROUND
1019,209,55,84.22,13.21,5,CPU_BOUND
1020,2356,1,55.67,33.39,3,INTERACTIVE
1021,2519,29,16.02,48.9,10,BACKGROUND
1022,2200,8,49.28,28.79,3,INTERACTIVE
1023,727,29,87.12,18.82,7,CPU_BOUND
1024,1035,5,30.59,82.34,7,IO_BOUND
1025,2142,2,55.95,27.12,2,INTERACTIVE
1026,484,56,86.64,2.49,6,CPU_BOUND
1027,562,38,95.28,7.32,7,CPU_BOUND
1028,191,57,91.63,9.47,6,CPU_BOUND
1029,2832,25,28.66,84.2,9,BACKGROUND
1030,1893,6,55.9,48.64,2,INTERACTIVE
1031,673,44,98.29,11.25,7,CPU_BOUND
1032,2040,3,41.17,51.59,2,INTERACTIVE
1033,1538,4,35.56,77.2,5,IO_BOUND
1034,2400,4,52.2,29.61,2,INTERACTIVE
1035,2648,40,24.28,79.88,8,BACKGROUND
1036,23,52,87.99,4.39,5,CPU_BOUND
1037,874,59,88.75,19.07,5,CPU_BOUND
1038,1411,3,39.24,85.01,7,IO_BOUND
1039,2221,4,57.56,36.63,1,INTERACTIVE
1040,1791,3,16.35,82.88,7,IO_BOUND
1041,2947,74,6.82,59.41,9,BACKGROUND
1042,123,41,97.72,11.51,7,CPU_BOUND
1043,1366,11,25.63,75.76,5,IO_BOUND
1044,2535,36,28.98,69.99,10,BACKGROUND
1045,940,11,35.4,87.91,6,IO_BOUND
1046,2486,42,22.51,75.58,9,BACKGROUND
1047,1189,11,34.65,91.88,7,IO_BOUND
1048,383,28,86.03,4.22,5,CPU_BOUND
1049,1410,6,33.27,62.5,7,IO_BOUND
1050,1832,4,55.02,28.83,2,INTERACTIVE
1051,73,31,82.31,2.14,5,CPU_BOUND
1052,2288,3,74.65,33.01,3,INTERACTIVE
1053,1293,3,39.9,87.29,6,IO_BOUND
1054,1267,11,36.3,74.3,5,IO_BOUND
1055,2921,22,6.2,44.66,9,BACKGROUND
1056,1697,11,37.91,81.81,7,IO_BOUND
1057,1184,6,26.21,69.9,6,IO_BOUND
1058,2853,24,8.59,61.32,9,BACKGROUND
1059,2736,63,20.22,75.34,8,BACKGROUND
1060,1120,7,26.8,81.69,7,IO_BOUND
1061,1513,2,17.42,78.53,6,IO_BOUND
1062,1956,8,64.02,32.48,2,INTERACTIVE
1063,905,59,97.91,9.17,4,CPU_BOUND
1064,1867,2,58.81,41.28,3,INTERACTIVE
1065,1479,7,20.44,88.6,7,IO_BOUND
1066,2147,8,57.82,35.52,2,INTERACTIVE
1067,636,23,90.26,9.14,4,CPU_BOUND
1068,2534,39,24.19,64.98,8,BACKGROUND
1069,2522,66,9.18,60.78,8,BACKGROUND
1070,2234,7,56.08,47.23,3,INTERACTIVE
1071,2027,4,66.43,52.96,2,INTERACTIVE
1072,593,22,91.47,10.86,7,CPU_BOUND
1073,2694,68,23.82,88.28,8,BACKGROUND
1074,467,33,88.58,12.3,5,CPU_BOUND
1075,1317,3,13.6,62.75,7,IO_BOUND
1076,2986,64,17.48,89.95,9,BACKGROUND
1077,1344,2,15.3,77.49,6,IO_BOUND
1078,2744,60,26.45,87.37,9,BACKGROUND
1079,740,31,98.88,14.42,7,CPU_BOUND
1080,589,34,95.42,14.1,7,CPU_BOUND
1081,1490,4,24.43,66.93,7,IO_BOUND
1082,2060,8,68.63,52.85,1,INTERACTIVE
1083,936,8,14.12,66.98,5,IO_BOUND
1084,2645,34,11.48,54.55,8,BACKGROUND
1085,164,34,82.16,0.51,6,CPU_BOUND
1086,1893,2,61.54,37.82,3,INTERACTIVE
1087,1362,3,14.86,67.99,6,IO_BOUND
1088,1558,4,22.67,81.46,4,IO_BOUND
1089,67,54,81.64,13.15,6,CPU_BOUND
1090,1980,7,57.7,21.44,1,INTERACTIVE
1091,2964,75,15.49,50.71,9,BACKGROUND
1092,653,15,95.12,19.57,7,CPU_BOUND
1093,1973,2,70.41,46.44,3,INTERACTIVE
1094,314,36,96.08,9.37,4,CPU_BOUND
1095,1603,11,39.97,74.49,6,IO_BOUND
1096,385,33,86.56,0.15,7,CPU_BOUND
1097,2886,49,8.6,82.67,9,BACKGROUND
1098,0,16,94.83,4.9,5,CPU_BOUND
1099,201,26,99.31,5.05,7,CPU_BOUND
1100,2603,20,29.68,80.82,8,BACKGROUND
1101,639,58,96.14,14.47,7,CPU_BOUND
1102,1492,12,22.41,72.78,5,IO_BOUND
1103,13,44,87.59,19.79,5,CPU_BOUND
1104,1916,2,70.59,39.72,1,INTERACTIVE
1105,1777,12,16.09,79.41,7,IO_BOUND
1106,495,43,80.85,17.4,6,CPU_BOUND
1107,709,56,99.83,13.0,4,CPU_BOUND
1108,435,54,82.62,7.53,5,CPU_BOUND
1109,2623,75,22.46,76.26,8,BACKGROUND
1110,460,28,96.7,10.98,7,CPU_BOUND
1111,1591,10,22.41,67.34,5,IO_BOUND
1112,656,49,87.59,4.59,7,CPU_BOUND
1113,2789,35,20.44,76.46,8,BACKGROUND
1114,1573,11,32.96,60.43,7,IO_BOUND
1115,2350,4,75.24,49.16,2,INTERACTIVE
1116,183,31,86.81,17.61,6,CPU_BOUND
1117,2301,3,47.31,50.73,1,INTERACTIVE
1118,2614,26,10.28,79.59,9,BACKGROUND
1119,1978,7,75.21,24.77,2,INTERACTIVE
1120,315,29,97.2,14.48,7,CPU_BOUND
1121,1012,10,10.6,87.31,4,IO_BOUND
1122,2159,2,60.43,36.52,2,INTERACTIVE
1123,856,54,93.73,17.2,4,CPU_BOUND
1124,163,59,85.12,7.38,4,CPU_BOUND
1125,271,60,98.27,7.62,5,CPU_BOUND
1126,160,23,89.47,2.29,5,CPU_BOUND
1127,1418,9,29.16,66.96,4,IO_BOUND
1128,2732,50,19.81,52.95,10,BACKGROUND
1129,1422,2,20.67,65.39,4,IO_BOUND
1130,12,53,92.7,10.68,5,CPU_BOUND
1131,2830,80,27.09,86.36,9,BACKGROUND
1132,398,21,82.93,3.95,5,CPU_BOUND
1133,2055,6,67.98,24.52,3,INTERACTIVE
1134,159,29,93.0,15.62,4,CPU_BOUND
1135,917,12,19.13,84.66,4,IO_BOUND
1136,1679,11,39.59,74.15,5,IO_BOUND
1137,403,24,88.8,9.38,6,CPU_BOUND
1138,1145,8,38.91,93.97,7,IO_BOUND
1139,2634,26,15.87,75.79,8,BACKGROUND
1140,2241,5,43.37,41.5,2,INTERACTIVE
1141,939,3,17.44,68.44,4,IO_BOUND
1142,448,56,89.61,7.42,4,CPU_BOUND
1143,287,25,93.88,18.07,4,CPU_BOUND
1144,2755,52,22.13,73.84,10,BACKGROUND
1145,72,49,84.26,5.3,6,CPU_BOUND
1146,1738,6,14.35,90.46,4,IO_BOUND
1147,2786,23,21.96,57.11,10,BACKGROUND
1148,1770,8,22.12,85.47,4,IO_BOUND
1149,1929,6,73.07,47.4,2,INTERACTIVE
1150,2936,56,17.21,58.17,9,BACKGROUND
1151,1872,3,51.53,58.27,1,INTERACTIVE
1152,1301,10,18.83,93.15,6,IO_BOUND
1153,2303,7,67.14,22.36,2,INTERACTIVE
1154,1442,2,35.06,64.54,4,IO_BOUND
1155,2944,29,26.33,54.53,8,BACKGROUND
1156,1551,11,38.17,80.02,4,IO_BOUND
1157,2819,22,28.9,43.04,10,BACKGROUND
1158,1358,6,20.65,83.56,7,IO_BOUND
1159,1624,3,23.31,60.87,7,IO_BOUND
1160,2627,62,9.7,89.31,9,BACKGROUND
1161,310,41,83.51,2.64,6,CPU_BOUND
1162,1334,6,24.14,81.46,6,IO_BOUND
1163,1154,8,34.25,78.3,4,IO_BOUND
1164,588,27,99.15,5.58,6,CPU_BOUND
1165,1948,2,76.97,56.82,3,INTERACTIVE
1166,2353,8,59.82,40.69,1,INTERACTIVE
1167,1881,5,49.07,34.88,2,INTERACTIVE
1168,2759,80,6.27,64.78,8,BACKGROUND
1169,274,43,81.99,18.21,4,CPU_BOUND
1170,944,5,28.05,60.7,7,IO_BOUND
1171,1942,2,43.11,50.99,2,INTERACTIVE
1172,1788,7,11.68,87.57,4,IO_BOUND
1173,1720,6,17.56,81.55,6,IO_BOUND
1174,1265,4,17.64,86.81,4,IO_BOUND
1175,433,29,100.0,3.1,6,CPU_BOUND
1176,2595,45,22.65,88.71,8,BACKGROUND
1177,2614,20,6.53,77.59,8,BACKGROUND
1178,447,33,95.56,10.06,7,CPU_BOUND
1179,2519,77,21.88,50.81,10,BACKGROUND
1180,2335,1,76.06,46.91,2,INTERACTIVE
1181,1751,3,30.87,68.87,7,IO_BOUND
1182,2592,20,7.92,44.62,10,BACKGROUND
1183,956,7,15.04,90.99,4,IO_BOUND
1184,938,9,25.88,86.84,5,IO_BOUND
1185,824,46,86.55,0.05,4,CPU_BOUND
1186,2116,5,44.67,21.77,1,INTERACTIVE
1187,1217,7,14.03,85.65,7,IO_BOUND
1188,2108,1,50.15,44.79,2,INTERACTIVE
1189,1187,9,11.32,91.44,5,IO_BOUND
1190,2084,5,47.95,36.58,1,INTERACTIVE
1191,1087,7,17.04,60.45,4,IO_BOUND
1192,1461,3,15.0,66.31,7,IO_BOUND
1193,84,28,93.64,13.34,6,CPU_BOUND
1194,2195,2,50.71,45.93,2,INTERACTIVE
1195,2726,58,7.48,42.4,9,BACKGROUND
1196,255,60,85.84,14.11,7,CPU_BOUND
1197,1316,5,16.08,68.74,6,IO_BOUND
1198,621,55,98.32,5.9,5,CPU_BOUND
1199,454,21,96.78,13.0,5,CPU_BOUND
1200,856,23,95.05,11.79,7,CPU_BOUND
1201,275,41,97.42,19.4,4,CPU_BOUND
1202,498,32,92.79,15.83,4,CPU_BOUND
1203,2869,58,9.53,61.26,10,BACKGROUND
1204,2129,6,43.74,54.73,1,INTERACTIVE
1205,2577,46,27.12,89.62,8,BACKGROUND
1206,1072,12,17.67,78.72,4,IO_BOUND
1207,2293,1,51.0,28.23,3,INTERACTIVE
1208,792,53,82.76,7.67,5,CPU_BOUND
1209,2087,1,76.92,45.88,3,INTERACTIVE
1210,0,58,94.81,10.91,7,CPU_BOUND
1211,2395,1,47.96,31.36,1,INTERACTIVE
1212,1311,10,37.94,76.68,6,IO_BOUND
1213,2322,3,40.02,57.34,2,INTERACTIVE
1214,946,4,37.56,89.55,6,IO_BOUND
1215,1976,8,48.08,46.48,2,INTERACTIVE
1216,2077,8,71.64,25.44,2,INTERACTIVE
1217,393,54,89.2,13.79,6,CPU_BOUND
1218,1848,1,56.71,21.77,2,INTERACTIVE
1219,888,17,91.06,18.28,7,CPU_BOUND
1220,2456,29,29.43,89.71,10,BACKGROUND
1221,118,43,88.84,4.27,7,CPU_BOUND
1222,2208,5,67.63,23.45,2,INTERACTIVE
1223,2873,70,5.05,86.65,8,BACKGROUND
1224,921,8,35.64,79.46,5,IO_BOUND
1225,197,45,85.53,11.79,6,CPU_BOUND
1226,1877,7,63.15,46.23,2,INTERACTIVE
1227,1498,4,32.73,89.85,4,IO_BOUND
1228,941,4,17.1,71.13,6,IO_BOUND
1229,522,40,99.99,14.38,7,CPU_BOUND
1230,2569,68,14.54,82.7,9,BACKGROUND
1231,2942,43,17.81,71.23,9,BACKGROUND
1232,1615,11,31.75,71.04,4,IO_BOUND
1233,480,33,84.03,15.82,4,CPU_BOUND
1234,1437,2,28.59,72.74,5,IO_BOUND
1235,2161,2,69.62,38.52,1,INTERACTIVE
1236,2419,48,17.97,51.51,8,BACKGROUND
1237,20,31,82.79,14.9,6,CPU_BOUND
1238,2159,7,51.82,21.91,1,INTERACTIVE
1239,902,28,90.6,4.76,7,CPU_BOUND
1240,2655,51,12.29,88.32,8,BACKGROUND
1241,1761,11,29.3,91.94,6,IO_BOUND
1242,2933,51,7.35,55.69,9,BACKGROUND
1243,2089,1,56.04,37.16,2,INTERACTIVE
1244,2891,43,8.53,52.25,8,BACKGROUND
1245,1051,7,35.87,66.31,4,IO_BOUND
1246,1605,10,34.18,67.43,5,IO_BOUND
1247,2724,53,13.72,68.61,9,BACKGROUND
1248,119,57,81.7,10.31,6,CPU_BOUND
1249,609,46,83.73,14.98,6,CPU_BOUND
1250,954,4,15.33,60.06,7,IO_BOUND
1251,2096,5,69.07,27.57,1,INTERACTIVE
1252,1267,2,27.34,64.12,4,IO_BOUND
1253,1838,3,55.49,25.46,3,INTERACTIVE
1254,2699,27,17.65,58.18,10,BACKGROUND
1255,1005,12,10.92,73.04,7,IO_BOUND
1256,1069,9,20.78,66.59,7,IO_BOUND
1257,2139,6,71.93,49.75,3,INTERACTIVE
1258,562,51,91.24,7.25,6,CPU_BOUND
1259,2459,44,10.11,59.53,10,BACKGROUND
1260,2558,23,20.86,47.08,8,BACKGROUND
1261,2956,22,18.63,87.43,8,BACKGROUND
1262,2616,79,17.15,77.85,10,BACKGROUND
1263,350,42,93.72,9.81,7,CPU_BOUND
1264,1160,11,36.04,85.88,5,IO_BOUND
1265,2757,31,6.88,81.97,10,BACKGROUND
1266,289,18,85.87,7.5,5,CPU_BOUND
1267,659,28,81.35,11.88,7,CPU_BOUND
1268,1099,2,39.45,89.55,4,IO_BOUND
1269,2129,8,59.72,53.83,1,INTERACTIVE
1270,2296,8,74.48,20.93,2,INTERACTIVE
1271,770,37,89.52,8.76,7,CPU_BOUND
1272,82,38,91.65,2.96,5,CPU_BOUND
1273,1531,3,26.72,93.2,4,IO_BOUND
1274,1089,3,35.54,91.16,4,IO_BOUND
1275,2974,24,23.07,68.92,8,BACKGROUND
1276,704,16,80.13,11.03,4,CPU_BOUND
1277,1250,12,25.38,91.18,5,IO_BOUND
1278,473,45,80.87,7.74,6,CPU_BOUND
1279,2237,7,57.85,28.21,3,INTERACTIVE
1280,1602,2,13.55,76.27,4,IO_BOUND
1281,2297,7,40.96,41.12,2,INTERACTIVE
1282,365,23,91.13,11.73,6,CPU_BOUND
1283,2654,37,29.92,75.33,9,BACKGROUND
1284,2717,54,7.75,67.42,8,BACKGROUND
1285,2636,77,14.59,54.02,10,BACKGROUND
1286,2126,8,50.41,48.24,2,INTERACTIVE
1287,2367,8,55.36,51.81,3,INTERACTIVE
1288,2244,3,40.94,55.61,3,INTERACTIVE
1289,35,18,84.82,11.35,4,CPU_BOUND
1290,1414,5,32.13,61.17,7,IO_BOUND
1291,1113,10,16.68,82.52,7,IO_BOUND
1292,802,60,96.8,9.77,4,CPU_BOUND
1293,2690,26,13.13,75.69,10,BACKGROUND
1294,808,54,82.78,4.13,5,CPU_BOUND
1295,1687,4,15.65,73.46,6,IO_BOUND
1296,2922,41,15.18,77.07,8,BACKGROUND
1297,1505,9,29.64,60.29,7,IO_BOUND
1298,2188,7,73.94,49.48,3,INTERACTIVE
1299,1022,2,25.35,83.18,6,IO_BOUND
1300,2645,56,14.19,82.67,9,BACKGROUND
1301,2953,33,22.56,63.81,9,BACKGROUND
1302,307,33,95.51,4.6,6,CPU_BOUND
1303,470,26,93.29,1.71,6,CPU_BOUND
1304,2538,63,28.11,78.57,8,BACKGROUND
1305,2613,60,27.82,45.46,10,BACKGROUND
1306,1619,7,31.3,69.5,4,IO_BOUND
1307,720,18,81.95,4.64,4,CPU_BOUND
1308,907,35,98.52,7.86,6,CPU_BOUND
1309,2548,23,8.44,64.94,8,BACKGROUND
1310,47,32,93.38,4.28,5,CPU_BOUND
1311,130,54,96.3,17.84,7,CPU_BOUND
1312,355,53,90.61,9.07,7,CPU_BOUND
1313,1455,10,29.71,79.95,5,IO_BOUND
1314,782,52,88.59,0.09,5,CPU_BOUND
1315,1501,2,19.96,85.9,5,IO_BOUND
1316,0,16,81.87,4.65,4,CPU_BOUND
1317,2292,8,60.11,20.75,3,INTERACTIVE
1318,1463,12,14.75,94.95,7,IO_BOUND
1319,2521,20,13.43,49.61,10,BACKGROUND
1320,2099,3,41.15,59.05,1,INTERACTIVE
1321,2493,78,21.48,74.93,8,BACKGROUND
1322,2858,74,22.69,50.12,9,BACKGROUND
1323,238,41,93.87,5.76,7,CPU_BOUND
1324,2338,7,61.53,51.49,3,INTERACTIVE
1325,567,24,92.13,10.31,6,CPU_BOUND
1326,58,50,81.96,13.04,4,CPU_BOUND
1327,1016,6,28.25,93.01,6,IO_BOUND
1328,1303,9,38.98,79.71,5,IO_BOUND
1329,1465,7,26.5,94.89,6,IO_BOUND
1330,2225,3,70.13,41.19,1,INTERACTIVE
1331,2713,65,14.3,72.87,10,BACKGROUND
1332,1405,3,18.46,64.38,7,IO_BOUND
1333,1008,3,18.55,73.53,5,IO_BOUND
1334,2153,8,67.06,45.9,3,INTERACTIVE
1335,534,57,92.49,18.04,6,CPU_BOUND
1336,2577,44,17.24,72.05,10,BACKGROUND
1337,971,8,38.27,65.77,7,IO_BOUND
1338,2296,2,72.28,44.27,2,INTERACTIVE
1339,2944,25,22.06,65.3,9,BACKGROUND
1340,944,7,37.54,67.05,5,IO_BOUND
1341,1473,6,39.53,67.52,6,IO_BOUND
1342,1926,1,51.59,41.18,1,INTERACTIVE
1343,2947,42,16.65,72.12,9,BACKGROUND
1344,595,24,85.81,5.75,4,CPU_BOUND
1345,308,55,83.8,5.01,5,CPU_BOUND
1346,7,20,87.6,7.18,6,CPU_BOUND
1347,2890,50,25.94,83.52,8,BACKGROUND
1348,2561,66,9.94,61.2,10,BACKGROUND
1349,902,57,87.53,14.76,6,CPU_BOUND
1350,2282,2,74.82,36.7,3,INTERACTIVE
1351,1063,4,13.08,77.62,6,IO_BOUND
1352,650,20,93.65,13.24,5,CPU_BOUND
1353,2408,2,71.39,51.64,3,INTERACTIVE
1354,2236,6,76.37,20.32,2,INTERACTIVE
1355,1520,8,25.62,83.73,5,IO_BOUND
1356,848,21,82.06,7.35,6,CPU_BOUND
1357,2624,43,16.3,74.31,9,BACKGROUND
1358,333,41,93.1,16.67,7,CPU_BOUND
1359,2585,60,22.21,74.82,10,BACKGROUND
1360,2806,22,19.66,85.61,10,BACKGROUND
1361,1229,6,21.08,61.5,5,IO_BOUND
1362,2913,32,11.75,45.22,9,BACKGROUND
1363,2332,1,76.56,25.35,1,INTERACTIVE
1364,869,59,88.05,12.81,5,CPU_BOUND
1365,2699,61,9.03,68.12,8,BACKGROUND
1366,1638,11,17.34,62.49,6,IO_BOUND
1367,197,60,90.68,5.49,4,CPU_BOUND
1368,755,38,82.28,11.28,5,CPU_BOUND
1369,842,59,95.1,8.58,4,CPU_BOUND
1370,1792,11,16.99,62.52,5,IO_BOUND
1371,98,16,82.31,19.41,5,CPU_BOUND
1372,2126,1,47.56,22.18,1,INTERACTIVE
1373,2629,66,14.62,70.36,10,BACKGROUND
1374,701,23,96.85,4.63,5,CPU_BOUND
1375,2720,75,24.95,53.68,8,BACKGROUND
1376,783,31,93.41,9.79,6,CPU_BOUND
1377,2437,50,21.35,89.46,8,BACKGROUND
1378,147,29,85.46,9.71,7,CPU_BOUND
1379,352,54,92.66,10.97,6,CPU_BOUND
1380,2566,44,9.19,62.07,10,BACKGROUND
1381,2865,34,28.04,74.22,10,BACKGROUND
1382,2432,32,22.64,89.9,10,BACKGROUND
1383,2447,69,28.55,60.88,9,BACKGROUND
1384,1630,11,32.75,82.36,5,IO_BOUND
1385,871,20,86.2,10.23,5,CPU_BOUND
1386,1848,8,59.81,23.32,1,INTERACTIVE
1387,564,24,83.98,10.18,4,CPU_BOUND
1388,2746,74,7.25,43.97,10,BACKGROUND
1389,604,33,86.42,12.92,4,CPU_BOUND
1390,2702,22,28.66,65.97,9,BACKGROUND
1391,617,20,88.02,1.91,5,CPU_BOUND
1392,1286,5,21.13,81.32,7,IO_BOUND
1393,2779,67,13.28,41.58,10,BACKGROUND
1394,2004,7,62.72,56.06,2,INTERACTIVE
1395,141,45,80.12,7.04,7,CPU_BOUND
1396,317,20,95.81,0.28,4,CPU_BOUND
1397,1130,5,23.71,87.35,6,IO_BOUND
1398,861,33,92.92,15.68,5,CPU_BOUND
1399,1355,7,26.81,92.61,6,IO_BOUND
1400,157,20,89.41,14.98,4,CPU_BOUND
1401,1015,4,29.42,81.04,4,IO_BOUND
1402,1564,3,13.42,75.73,6,IO_BOUND
1403,1312,11,18.07,93.15,5,IO_BOUND
1404,1542,3,15.31,93.41,7,IO_BOUND
1405,1211,3,15.92,80.32,6,IO_BOUND
1406,482,34,90.31,19.78,7,CPU_BOUND
1407,2462,32,16.87,56.44,9,BACKGROUND
1408,1315,5,17.05,68.47,6,IO_BOUND
1409,1084,4,11.18,77.37,5,IO_BOUND
1410,268,29,97.12,8.22,6,CPU_BOUND
1411,1706,10,12.35,91.15,4,IO_BOUND
1412,2812,77,26.93,82.67,10,BACKGROUND
1413,838,32,81.87,7.21,4,CPU_BOUND
1414,1075,4,16.16,84.0,4,IO_BOUND
1415,2408,3,60.34,50.05,3,INTERACTIVE
1416,1635,2,38.75,79.59,4,IO_BOUND
1417,2049,6,73.29,49.49,3,INTERACTIVE
1418,1473,11,10.49,64.73,6,IO_BOUND
1419,75,33,92.1,14.35,5,CPU_BOUND
1420,842,15,84.27,1.56,5,CPU_BOUND
1421,599,57,98.1,4.51,5,CPU_BOUND
1422,2291,4,78.21,41.67,1,INTERACTIVE
1423,2375,7,60.53,46.07,2,INTERACTIVE
1424,2272,4,58.22,21.3,1,INTERACTIVE
1425,355,59,82.29,13.09,5,CPU_BOUND
1426,2714,46,25.54,55.82,9,BACKGROUND
1427,1420,6,27.54,73.85,5,IO_BOUND
1428,470,48,90.88,15.73,4,CPU_BOUND
1429,336,38,81.99,13.71,6,CPU_BOUND
1430,2001,6,46.79,41.54,1,INTERACTIVE
1431,1798,3,24.91,87.97,5,IO_BOUND
1432,2887,64,22.6,58.87,8,BACKGROUND
1433,2130,3,56.66,23.07,2,INTERACTIVE
1434,529,42,90.06,17.36,4,CPU_BOUND
1435,1289,11,29.69,70.03,4,IO_BOUND
1436,2451,39,28.58,40.48,10,BACKGROUND
1437,203,22,91.16,8.32,5,CPU_BOUND
1438,2218,3,69.13,48.33,3,INTERACTIVE
1439,2362,1,55.1,55.6,3,INTERACTIVE
1440,647,38,99.86,7.65,7,CPU_BOUND
1441,1581,4,35.61,83.34,6,IO_BOUND
1442,2991,27,28.16,62.94,9,BACKGROUND
1443,1395,5,14.9,85.8,7,IO_BOUND
1444,2922,40,23.8,76.28,8,BACKGROUND
1445,1113,10,35.47,89.82,5,IO_BOUND
1446,698,19,98.9,13.36,4,CPU_BOUND
1447,415,18,89.01,16.22,6,CPU_BOUND
1448,339,23,80.3,15.8,5,CPU_BOUND
1449,1554,2,26.73,78.06,4,IO_BOUND
1450,493,43,92.05,8.52,7,CPU_BOUND
1451,2029,7,77.39,49.06,1,INTERACTIVE
1452,2769,20,8.89,72.83,8,BACKGROUND
1453,2207,8,71.99,53.78,3,INTERACTIVE
1454,2573,20,5.32,65.03,10,BACKGROUND
1455,2359,5,49.89,38.94,2,INTERACTIVE
1456,1583,3,11.47,74.59,5,IO_BOUND
1457,2274,2,64.06,36.34,1,INTERACTIVE
1458,1842,7,46.85,33.74,2,INTERACTIVE
1459,666,34,85.5,11.13,5,CPU_BOUND
1460,1041,12,12.68,72.43,6,IO_BOUND
1461,338,24,95.77,11.92,6,CPU_BOUND
1462,1498,5,38.47,92.44,6,IO_BOUND
1463,599,21,88.27,14.35,4,CPU_BOUND
1464,1181,12,20.38,68.41,5,IO_BOUND
1465,1442,7,22.29,71.27,4,IO_BOUND
1466,2630,28,17.45,44.35,10,BACKGROUND
1467,2079,3,73.88,47.43,2,INTERACTIVE
1468,34,46,80.39,18.58,6,CPU_BOUND
1469,677,27,96.09,11.75,5,CPU_BOUND
1470,181,46,97.02,3.64,5,CPU_BOUND
1471,2707,35,5.92,47.08,8,BACKGROUND
1472,2907,72,22.31,63.87,10,BACKGROUND
1473,241,47,96.5,0.02,7,CPU_BOUND
1474,2158,3,79.37,47.37,2,INTERACTIVE
1475,2570,55,23.17,52.86,9,BACKGROUND
1476,1999,6,42.26,29.77,1,INTERACTIVE
1477,2670,74,28.36,55.2,10,BACKGROUND
1478,762,31,84.44,14.94,5,CPU_BOUND
1479,1735,10,17.01,83.92,7,IO_BOUND
1480,2548,35,23.45,77.86,10,BACKGROUND
1481,2735,23,27.96,71.96,9,BACKGROUND
1482,2213,1,72.27,33.51,1,INTERACTIVE
1483,922,8,21.17,82.06,4,IO_BOUND
1484,2306,3,56.51,32.97,2,INTERACTIVE
1485,2756,67,21.53,86.02,10,BACKGROUND
1486,714,17,98.48,13.69,6,CPU_BOUND
1487,1489,8,14.44,71.77,7,IO_BOUND
1488,989,3,38.48,75.72,5,IO_BOUND
1489,880,60,99.5,12.55,7,CPU_BOUND
1490,1505,4,11.8,67.02,6,IO_BOUND
1491,2047,8,75.38,29.52,1,INTERACTIVE
1492,1473,2,23.81,65.46,6,IO_BOUND
1493,2834,66,23.64,59.1,10,BACKGROUND
1494,756,43,99.81,9.58,7,CPU_BOUND
1495,2380,7,53.75,59.06,3,INTERACTIVE
1496,2662,21,18.7,56.87,10,BACKGROUND
1497,2817,30,19.98,74.84,8,BACKGROUND
1498,2074,2,72.98,47.94,3,INTERACTIVE
1499,1372,5,17.42,69.95,5,IO_BOUND
1500,1960,2,45.73,36.02,3,INTERACTIVE
1501,1256,5,21.35,64.63,4,IO_BOUND
1502,1819,12,29.78,69.67,5,IO_BOUND
1503,475,16,87.14,1.35,5,CPU_BOUND
1504,985,7,36.56,72.93,7,IO_BOUND
1505,2817,24,17.07,66.19,10,BACKGROUND
1506,383,17,84.41,19.69,4,CPU_BOUND
1507,1419,3,17.08,75.2,4,IO_BOUND
1508,1816,8,10.14,68.25,4,IO_BOUND
1509,442,54,85.7,14.97,7,CPU_BOUND
1510,2330,6,53.67,38.39,3,INTERACTIVE
1511,2168,3,48.44,23.13,3,INTERACTIVE
1512,853,37,94.45,12.56,5,CPU_BOUND
1513,1164,12,31.14,82.67,5,IO_BOUND
1514,2357,4,46.58,32.43,3,INTERACTIVE
1515,2961,37,11.3,48.81,8,BACKGROUND
1516,1002,10,33.74,62.3,7,IO_BOUND
1517,835,55,95.68,9.19,4,CPU_BOUND
1518,2441,53,19.68,67.63,9,BACKGROUND
1519,944,10,19.27,77.17,4,IO_BOUND
1520,138,41,88.15,10.85,7,CPU_BOUND
1521,358,43,97.76,8.28,7,CPU_BOUND
1522,126,40,84.88,13.12,4,CPU_BOUND
1523,812,30,82.92,6.44,5,CPU_BOUND
1524,155,36,95.22,7.58,7,CPU_BOUND
1525,2489,59,25.59,82.49,9,BACKGROUND
1526,2649,26,14.88,66.91,9,BACKGROUND
1527,1656,10,29.48,87.74,7,IO_BOUND
1528,1124,3,11.37,65.75,5,IO_BOUND
1529,2248,2,41.91,46.04,1,INTERACTIVE
1530,609,15,85.97,12.06,6,CPU_BOUND
1531,284,20,88.68,1.97,4,CPU_BOUND
1532,547,23,95.21,10.3,4,CPU_BOUND
1533,714,26,98.58,6.29,5,CPU_BOUND
1534,1331,12,16.32,80.34,6,IO_BOUND
1535,2251,5,62.9,20.21,2,INTERACTIVE
1536,2132,3,41.15,38.41,3,INTERACTIVE
1537,991,12,14.44,80.83,6,IO_BOUND
1538,339,23,90.8,15.97,4,CPU_BOUND
1539,444,38,93.57,11.41,7,CPU_BOUND
1540,30,48,85.03,11.06,4,CPU_BOUND
1541,138,29,87.66,3.06,5,CPU_BOUND
1542,2896,58,23.78,65.16,8,BACKGROUND
1543,77,47,89.77,18.11,4,CPU_BOUND
1544,2752,63,17.72,76.54,9,BACKGROUND
1545,2785,29,13.6,40.68,10,BACKGROUND
1546,2546,34,5.53,77.95,8,BACKGROUND
1547,386,23,87.6,14.07,6,CPU_BOUND
1548,1971,3,55.31,47.17,1,INTERACTIVE
1549,1516,8,32.33,60.64,6,IO_BOUND
1550,1403,12,23.66,75.85,7,IO_BOUND
1551,2161,6,50.19,23.27,3,INTERACTIVE
1552,2672,43,23.15,68.78,10,BACKGROUND
1553,2844,29,27.55,44.68,8,BACKGROUND
1554,137,36,86.39,10.8,5,CPU_BOUND
1555,1893,7,47.78,32.71,3,INTERACTIVE
1556,2899,73,15.59,87.41,9,BACKGROUND
1557,967,4,23.54,87.97,4,IO_BOUND
1558,1728,4,27.87,88.76,7,IO_BOUND
1559,251,34,91.02,11.05,4,CPU_BOUND
1560,2598,52,29.19,72.92,9,BACKGROUND
1561,1061,2,11.13,66.98,6,IO_BOUND
1562,2345,4,79.37,45.54,1,INTERACTIVE
1563,978,2,20.82,74.97,6,IO_BOUND
1564,2416,7,48.74,37.0,2,INTERACTIVE
1565,938,11,25.07,73.59,5,IO_BOUND
1566,2246,1,73.66,30.39,3,INTERACTIVE
1567,1261,10,22.62,90.62,7,IO_BOUND
1568,308,55,92.93,6.18,7,CPU_BOUND
1569,1448,5,28.18,62.48,5,IO_BOUND
1570,208,51,92.42,12.19,4,CPU_BOUND
1571,2973,42,27.81,68.52,8,BACKGROUND
1572,2915,21,10.99,48.14,8,BACKGROUND
1573,1027,4,25.52,68.41,4,IO_BOUND
1574,112,27,88.41,18.81,5,CPU_BOUND
1575,1627,4,33.08,63.44,5,IO_BOUND
1576,1644,11,20.67,71.63,5,IO_BOUND
1577,103,53,99.68,2.31,5,CPU_BOUND
1578,1225,9,25.03,63.17,6,IO_BOUND
1579,418,48,90.45,3.17,6,CPU_BOUND
1580,892,29,96.09,19.63,7,CPU_BOUND
1581,1420,2,27.43,84.18,5,IO_BOUND
1582,10,60,81.39,13.23,6,CPU_BOUND
1583,1795,12,10.57,91.75,4,IO_BOUND
1584,1982,3,59.66,25.38,3,INTERACTIVE
1585,50,30,95.69,16.15,5,CPU_BOUND
1586,892,44,97.32,15.47,6,CPU_BOUND
1587,58,30,83.33,9.71,5,CPU_BOUND
1588,1796,12,13.92,66.03,4,IO_BOUND
1589,745,42,96.31,17.19,5,CPU_BOUND
1590,2552,53,24.79,60.74,9,BACKGROUND
1591,1843,3,63.12,42.11,1,INTERACTIVE
1592,996,9,37.63,91.4,4,IO_BOUND
1593,1869,8,64.84,52.0,3,INTERACTIVE
1594,550,21,81.01,18.91,7,CPU_BOUND
1595,1398,5,17.89,74.78,5,IO_BOUND
1596,2923,21,19.68,59.11,10,BACKGROUND
1597,381,22,85.66,13.57,7,CPU_BOUND
1598,1282,10,22.02,71.85,4,IO_BOUND
1599,866,52,81.35,5.24,4,CPU_BOUND
1600,135,32,88.8,14.27,5,CPU_BOUND
1601,1534,8,38.84,70.62,6,IO_BOUND
1602,1518,12,19.07,94.86,6,IO_BOUND
1603,144,49,94.95,10.92,5,CPU_BOUND
1604,622,23,89.56,9.1,6,CPU_BOUND
1605,2591,80,22.03,52.71,10,BACKGROUND
1606,985,4,32.57,83.36,4,IO_BOUND
1607,2862,23,18.59,53.37,10,BACKGROUND
1608,1331,3,30.95,76.1,4,IO_BOUND
1609,2353,8,40.08,37.08,3,INTERACTIVE
1610,2121,5,60.68,37.43,1,INTERACTIVE
1611,1283,8,38.94,60.19,4,IO_BOUND
1612,1994,6,53.96,49.68,1,INTERACTIVE
1613,1788,10,38.95,88.41,4,IO_BOUND
1614,228,58,96.43,11.52,5,CPU_BOUND
1615,2082,8,74.94,25.34,1,INTERACTIVE
1616,1884,8,50.42,27.38,3,INTERACTIVE
1617,2224,6,68.61,36.6,3,INTERACTIVE
1618,874,34,93.32,13.16,5,CPU_BOUND
1619,1745,9,33.19,86.22,5,IO_BOUND
1620,2582,69,27.83,76.11,10,BACKGROUND
1621,694,50,93.09,13.7,6,CPU_BOUND
1622,1625,5,20.2,76.92,6,IO_BOUND
1623,677,32,87.54,12.1,4,CPU_BOUND
1624,1869,4,75.68,38.31,1,INTERACTIVE
1625,2896,50,15.29,56.87,10,BACKGROUND
1626,1181,12,36.57,73.35,4,IO_BOUND
1627,199,59,98.88,12.76,7,CPU_BOUND
1628,1747,3,10.36,63.42,4,IO_BOUND
1629,732,16,81.79,11.08,6,CPU_BOUND
1630,988,9,18.97,73.82,4,IO_BOUND
1631,2884,78,13.73,82.44,8,BACKGROUND
1632,1764,2,36.9,65.21,4,IO_BOUND
1633,1434,10,14.65,70.35,6,IO_BOUND
1634,681,27,99.24,2.35,7,CPU_BOUND
1635,1002,8,32.23,86.58,6,IO_BOUND
1636,2226,7,56.54,36.37,2,INTERACTIVE
1637,30,58,97.7,15.02,6,CPU_BOUND
1638,2135,8,65.13,30.77,3,INTERACTIVE
1639,2557,60,5.15,83.49,8,BACKGROUND
1640,26,20,95.12,17.22,5,CPU_BOUND
1641,389,19,97.24,11.52,7,CPU_BOUND
1642,971,4,36.64,65.63,4,IO_BOUND
1643,2412,8,68.63,39.79,2,INTERACTIVE
1644,463,55,95.88,9.14,4,CPU_BOUND
1645,2505,21,6.83,74.72,10,BACKGROUND
1646,1139,10,33.43,91.86,5,IO_BOUND
1647,2033,7,50.68,31.48,1,INTERACTIVE
1648,686,31,87.19,17.66,7,CPU_BOUND
1649,219,22,90.89,12.95,6,CPU_BOUND
1650,2755,65,15.62,66.72,9,BACKGROUND
1651,1090,12,29.42,71.5,7,IO_BOUND
1652,597,43,93.12,14.95,5,CPU_BOUND
1653,2455,40,19.67,68.38,8,BACKGROUND
1654,2552,67,26.93,46.71,9,BACKGROUND
1655,2799,80,13.78,60.9,9,BACKGROUND
1656,2673,44,28.76,61.36,8,BACKGROUND
1657,2929,22,27.27,78.71,9,BACKGROUND
1658,79,23,92.74,5.24,7,CPU_BOUND
1659,1214,11,27.01,88.27,7,IO_BOUND
1660,1077,8,29.85,83.19,6,IO_BOUND
1661,1635,12,13.53,65.23,6,IO_BOUND
1662,1991,5,59.79,58.83,3,INTERACTIVE
1663,1875,8,53.87,37.75,3,INTERACTIVE
1664,918,7,14.45,84.89,6,IO_BOUND
1665,1249,5,11.29,80.07,5,IO_BOUND
1666,1825,1,59.4,24.64,1,INTERACTIVE
1667,799,50,90.11,9.9,7,CPU_BOUND
1668,1576,10,34.22,81.28,7,IO_BOUND
1669,92,59,82.16,17.44,7,CPU_BOUND
1670,534,16,81.62,18.97,6,CPU_BOUND
1671,1383,7,24.45,67.95,4,IO_BOUND
1672,196,49,99.02,13.8,5,CPU_BOUND
1673,1951,6,67.93,27.41,3,INTERACTIVE
1674,1146,4,22.38,84.5,6,IO_BOUND
1675,1078,8,34.92,63.67,4,IO_BOUND
1676,2670,26,8.27,77.61,10,BACKGROUND
1677,633,20,97.98,8.91,4,CPU_BOUND
1678,1309,7,22.37,72.36,4,IO_BOUND
1679,1174,4,25.62,87.52,5,IO_BOUND
1680,1883,3,49.52,21.65,2,INTERACTIVE
1681,347,56,99.28,1.22,7,CPU_BOUND
1682,1927,3,70.59,43.95,1,INTERACTIVE
1683,984,9,36.85,69.28,7,IO_BOUND
1684,2540,31,20.88,84.2,9,BACKGROUND
1685,858,30,91.07,12.0,6,CPU_BOUND
1686,2329,5,79.19,48.31,2,INTERACTIVE
1687,1857,2,55.4,47.63,3,INTERACTIVE
1688,1290,12,24.83,60.37,6,IO_BOUND
1689,1370,10,11.61,86.98,4,IO_BOUND
1690,1319,9,36.94,90.83,6,IO_BOUND
1691,1498,7,30.81,63.89,7,IO_BOUND
1692,2242,5,48.55,40.47,2,INTERACTIVE
1693,658,57,88.38,15.32,4,CPU_BOUND
1694,2466,38,21.49,43.5,8,BACKGROUND
1695,533,55,99.13,5.49,6,CPU_BOUND
1696,960,6,33.61,85.21,4,IO_BOUND
1697,1829,2,53.05,23.92,3,INTERACTIVE
1698,2373,4,45.51,21.76,1,INTERACTIVE
1699,2464,72,22.23,64.43,8,BACKGROUND
1700,1816,11,20.86,86.64,5,IO_BOUND
1701,336,40,85.52,19.36,7,CPU_BOUND
1702,1202,6,30.32,92.0,6,IO_BOUND
1703,883,47,87.2,9.99,5,CPU_BOUND
1704,2228,1,57.7,50.81,3,INTERACTIVE
1705,2683,25,8.05,72.07,10,BACKGROUND
1706,626,58,95.09,17.46,4,CPU_BOUND
1707,555,28,91.67,0.97,6,CPU_BOUND
1708,789,58,82.68,2.36,6,CPU_BOUND
1709,614,36,95.82,11.36,5,CPU_BOUND
1710,1221,12,28.2,89.46,5,IO_BOUND
1711,1580,3,28.04,60.23,6,IO_BOUND
1712,1333,11,35.86,66.55,6,IO_BOUND
1713,1523,5,27.19,74.93,6,IO_BOUND
1714,2519,44,22.26,62.2,10,BACKGROUND
1715,2324,5,73.58,35.21,2,INTERACTIVE
1716,1439,3,29.75,78.86,7,IO_BOUND
1717,921,10,11.47,70.46,5,IO_BOUND
1718,2015,4,64.98,58.32,3,INTERACTIVE
1719,2933,26,25.12,47.13,9,BACKGROUND
1720,2205,7,73.32,46.92,3,INTERACTIVE
1721,1067,10,27.89,71.82,5,IO_BOUND
1722,301,55,99.24,13.81,7,CPU_BOUND
1723,630,35,97.09,8.84,5,CPU_BOUND
1724,1484,10,30.93,65.36,7,IO_BOUND
1725,864,38,98.68,2.64,7,CPU_BOUND
1726,2894,29,24.14,63.49,8,BACKGROUND
1727,401,58,98.48,11.29,6,CPU_BOUND
1728,2146,3,54.36,23.84,2,INTERACTIVE
1729,2266,8,67.56,57.91,3,INTERACTIVE
1730,262,43,90.77,6.9,7,CPU_BOUND
1731,701,28,90.11,7.46,7,CPU_BOUND
1732,443,49,84.78,19.31,7,CPU_BOUND
1733,998,6,19.33,89.5,4,IO_BOUND
1734,2939,46,26.43,85.86,8,BACKGROUND
1735,691,24,83.92,4.6,5,CPU_BOUND
1736,368,53,98.58,16.59,6,CPU_BOUND
1737,1114,3,23.77,88.04,7,IO_BOUND
1738,688,35,88.28,11.25,5,CPU_BOUND
1739,489,26,89.92,9.95,6,CPU_BOUND
1740,2362,2,65.01,43.16,1,INTERACTIVE
1741,1577,5,27.67,76.65,7,IO_BOUND
1742,1597,11,35.43,69.09,6,IO_BOUND
1743,2729,31,13.63,77.06,10,BACKGROUND
1744,1651,9,24.63,62.29,4,IO_BOUND
1745,77,55,88.47,5.53,4,CPU_BOUND
1746,1881,3,54.12,38.24,1,INTERACTIVE
1747,2852,30,27.13,80.87,10,BACKGROUND
1748,386,40,97.24,0.85,4,CPU_BOUND
1749,803,44,91.31,15.45,7,CPU_BOUND
1750,2862,52,27.16,60.76,8,BACKGROUND
1751,1608,5,19.92,71.83,7,IO_BOUND
1752,2824,56,10.45,74.84,10,BACKGROUND
1753,10,29,97.33,7.6,7,CPU_BOUND
1754,1691,2,12.15,60.55,7,IO_BOUND
1755,2862,21,25.62,45.14,9,BACKGROUND
1756,1897,8,74.97,23.5,3,INTERACTIVE
1757,1491,10,28.48,85.75,5,IO_BOUND
1758,1061,12,32.01,67.92,6,IO_BOUND
1759,1050,7,22.28,79.93,7,IO_BOUND
1760,373,35,95.54,11.35,4,CPU_BOUND
1761,82,34,87.29,18.66,4,CPU_BOUND
1762,2645,39,6.55,66.78,9,BACKGROUND
1763,1882,5,47.29,27.01,3,INTERACTIVE
1764,1947,2,43.96,43.13,1,INTERACTIVE
1765,1761,2,12.19,80.0,6,IO_BOUND
1766,2742,53,28.54,84.07,8,BACKGROUND
1767,571,47,96.57,10.65,6,CPU_BOUND
1768,27,58,88.44,1.27,7,CPU_BOUND
1769,930,5,37.25,69.62,7,IO_BOUND
1770,577,18,91.67,3.41,7,CPU_BOUND
1771,514,60,94.19,14.0,5,CPU_BOUND
1772,2519,73,20.87,66.14,10,BACKGROUND
1773,1388,6,24.08,60.29,7,IO_BOUND
1774,2950,32,15.04,43.22,9,BACKGROUND
1775,969,2,19.56,93.31,4,IO_BOUND
1776,1152,3,32.82,79.68,7,IO_BOUND
1777,1278,7,26.77,76.93,6,IO_BOUND
1778,2130,7,54.94,57.17,1,INTERACTIVE
1779,672,49,89.47,16.99,6,CPU_BOUND
1780,236,41,86.67,13.4,5,CPU_BOUND
1781,1935,7,58.42,23.06,1,INTERACTIVE
1782,1496,9,11.35,88.64,5,IO_BOUND
1783,223,22,89.37,6.08,7,CPU_BOUND
1784,1257,10,35.79,77.65,7,IO_BOUND
1785,61,18,83.29,0.04,7,CPU_BOUND
1786,2474,67,6.72,87.75,8,BACKGROUND
1787,1507,12,35.56,83.1,4,IO_BOUND
1788,332,44,87.42,18.99,7,CPU_BOUND
1789,1195,3,20.73,77.6,6,IO_BOUND
1790,662,51,91.96,13.45,6,CPU_BOUND
1791,2606,32,17.16,65.13,8,BACKGROUND
1792,1107,2,11.9,82.92,4,IO_BOUND
1793,2623,58,8.07,66.53,10,BACKGROUND
1794,1518,12,17.73,73.55,4,IO_BOUND
1795,238,44,81.76,5.05,4,CPU_BOUND
1796,2794,34,13.4,63.96,10,BACKGROUND
1797,578,58,84.84,11.45,4,CPU_BOUND
1798,827,55,93.28,7.16,4,CPU_BOUND
1799,887,17,89.44,7.66,5,CPU_BOUND
1800,451,16,88.3,7.93,6,CPU_BOUND
1801,344,47,84.43,12.3,6,CPU_BOUND
1802,392,33,82.3,0.42,6,CPU_BOUND
1803,1857,3,71.59,34.82,2,INTERACTIVE
1804,1414,10,29.98,67.3,7,IO_BOUND
1805,361,41,94.59,6.25,6,CPU_BOUND
1806,336,57,84.24,12.79,4,CPU_BOUND
1807,2681,69,16.59,80.91,9,BACKGROUND
1808,1802,3,18.22,86.51,5,IO_BOUND
1809,1964,5,70.59,50.64,3,INTERACTIVE
1810,66,18,81.0,9.54,5,CPU_BOUND
1811,2804,41,14.01,80.5,10,BACKGROUND
1812,458,43,92.31,18.12,4,CPU_BOUND
1813,261,33,94.52,16.75,7,CPU_BOUND
1814,866,40,90.13,12.57,7,CPU_BOUND
1815,2839,34,13.11,50.2,10,BACKGROUND
1816,2041,1,78.55,39.43,1,INTERACTIVE
1817,818,43,81.51,15.89,4,CPU_BOUND
1818,2790,37,24.17,83.21,10,BACKGROUND
1819,1163,5,25.33,87.89,6,IO_BOUND
1820,2434,20,24.25,54.09,9,BACKGROUND
1821,2517,30,6.94,78.18,10,BACKGROUND
1822,2415,1,48.29,55.8,2,INTERACTIVE
1823,2257,2,43.69,37.0,1,INTERACTIVE
1824,772,36,92.96,13.54,5,CPU_BOUND
1825,2867,42,6.91,56.69,9,BACKGROUND
1826,1649,8,15.5,92.1,6,IO_BOUND
1827,615,54,97.12,17.94,7,CPU_BOUND
1828,925,3,37.15,89.03,6,IO_BOUND
1829,704,21,90.49,4.82,6,CPU_BOUND
1830,2015,6,50.93,42.66,3,INTERACTIVE
1831,755,41,93.46,2.78,6,CPU_BOUND
1832,599,21,92.31,11.74,5,CPU_BOUND
1833,1092,3,21.18,72.0,4,IO_BOUND
1834,2407,3,74.06,58.74,2,INTERACTIVE
1835,2810,22,8.2,60.91,10,BACKGROUND
1836,1954,1,43.29,39.75,2,INTERACTIVE
1837,1403,5,35.6,66.38,6,IO_BOUND
1838,415,47,92.92,0.78,7,CPU_BOUND
1839,2291,7,49.31,35.82,3,INTERACTIVE
1840,2312,1,56.3,29.35,1,INTERACTIVE
1841,69,28,93.39,6.28,6,CPU_BOUND
1842,1173,11,26.5,62.55,6,IO_BOUND
1843,2856,70,29.16,87.88,8,BACKGROUND
1844,247,18,84.07,10.98,6,CPU_BOUND
1845,1681,2,21.08,79.21,4,IO_BOUND
1846,2202,8,45.25,31.74,3,INTERACTIVE
1847,1908,5,73.38,32.16,3,INTERACTIVE
1848,72,57,96.34,5.99,4,CPU_BOUND
1849,489,42,81.58,12.05,5,CPU_BOUND
1850,1848,7,61.24,39.17,3,INTERACTIVE
1851,2386,7,53.14,24.19,1,INTERACTIVE
1852,1942,4,44.31,51.72,3,INTERACTIVE
1853,30,33,88.7,9.07,6,CPU_BOUND
1854,2823,45,20.18,50.35,8,BACKGROUND
1855,72,23,93.43,6.0,6,CPU_BOUND
1856,304,57,87.92,0.16,4,CPU_BOUND
1857,304,39,91.44,11.5,6,CPU_BOUND
1858,652,22,83.57,10.75,5,CPU_BOUND
1859,990,5,13.79,74.82,7,IO_BOUND
1860,507,31,94.08,4.29,6,CPU_BOUND
1861,1716,2,30.85,80.92,6,IO_BOUND
1862,2981,75,12.91,79.6,10,BACKGROUND
1863,815,46,82.84,12.65,7,CPU_BOUND
1864,1938,4,45.15,47.77,3,INTERACTIVE
1865,2362,3,42.48,52.1,1,INTERACTIVE
1866,2620,80,14.03,59.92,10,BACKGROUND
1867,1200,8,34.66,61.08,5,IO_BOUND
1868,2910,72,14.51,42.73,9,BACKGROUND
1869,1798,3,23.69,65.97,4,IO_BOUND
1870,1948,4,78.57,26.87,3,INTERACTIVE
1871,375,43,93.24,9.71,7,CPU_BOUND
1872,1551,9,23.71,90.72,5,IO_BOUND
1873,398,26,99.03,12.56,7,CPU_BOUND
1874,2496,64,28.64,51.98,8,BACKGROUND
1875,2212,8,52.15,28.38,1,INTERACTIVE
1876,2985,33,23.64,49.38,10,BACKGROUND
1877,730,39,86.33,2.13,4,CPU_BOUND
1878,1335,9,22.72,74.67,6,IO_BOUND
1879,505,26,89.98,7.74,4,CPU_BOUND
1880,1594,11,38.02,94.52,6,IO_BOUND
1881,981,9,35.31,70.79,7,IO_BOUND
1882,2791,62,25.52,49.92,10,BACKGROUND
1883,1225,12,17.17,93.74,5,IO_BOUND
1884,558,53,97.65,13.09,7,CPU_BOUND
1885,2269,3,45.77,25.08,3,INTERACTIVE
1886,1195,12,13.55,60.21,4,IO_BOUND
1887,1960,2,55.85,40.91,3,INTERACTIVE
1888,408,56,97.29,17.11,7,CPU_BOUND
1889,1308,3,17.73,73.39,5,IO_BOUND
1890,1798,5,22.79,88.4,7,IO_BOUND
1891,2498,76,20.7,54.59,8,BACKGROUND
1892,152,20,92.85,2.71,7,CPU_BOUND
1893,2575,51,15.11,60.79,9,BACKGROUND
1894,1202,10,36.24,64.95,4,IO_BOUND
1895,1985,8,70.56,42.75,2,INTERACTIVE
1896,2970,50,18.39,79.19,10,BACKGROUND
1897,614,25,94.62,12.97,5,CPU_BOUND
1898,1197,11,12.6,86.78,7,IO_BOUND
1899,1728,4,33.98,90.17,6,IO_BOUND
1900,762,36,99.31,8.61,4,CPU_BOUND
1901,1311,5,18.62,73.96,6,IO_BOUND
1902,1778,6,30.88,91.38,6,IO_BOUND
1903,549,30,89.33,5.35,5,CPU_BOUND
1904,1022,6,30.32,88.85,7,IO_BOUND
1905,981,5,12.91,67.24,6,IO_BOUND
1906,1861,4,52.82,55.92,3,INTERACTIVE
1907,2307,8,60.34,40.18,1,INTERACTIVE
1908,2552,34,26.17,56.56,8,BACKGROUND
1909,1601,4,36.51,68.15,6,IO_BOUND
1910,2546,44,17.78,77.09,10,BACKGROUND
1911,2614,41,5.74,51.74,9,BACKGROUND
1912,1148,10,28.98,67.03,6,IO_BOUND
1913,2453,41,10.64,61.29,9,BACKGROUND
1914,491,35,82.05,6.56,6,CPU_BOUND
1915,72,15,89.17,19.97,4,CPU_BOUND
1916,41,40,99.9,13.0,7,CPU_BOUND
1917,2944,59,29.44,42.85,8,BACKGROUND
1918,2884,64,7.18,58.09,8,BACKGROUND
1919,2801,47,9.62,87.42,9,BACKGROUND
1920,2780,46,17.23,64.78,10,BACKGROUND
1921,9,50,85.86,12.57,6,CPU_BOUND
1922,759,30,93.15,7.1,4,CPU_BOUND
1923,2088,2,78.97,27.93,3,INTERACTIVE
1924,1258,3,24.47,64.56,4,IO_BOUND
1925,2803,39,7.79,73.45,10,BACKGROUND
1926,2471,30,29.74,46.46,9,BACKGROUND
1927,2786,47,17.0,54.11,8,BACKGROUND
1928,2609,56,25.36,49.28,8,BACKGROUND
1929,949,11,13.03,70.56,5,IO_BOUND
1930,836,43,89.13,19.84,7,CPU_BOUND
1931,2038,7,65.88,21.48,1,INTERACTIVE
1932,2717,21,29.1,52.37,9,BACKGROUND
1933,848,59,82.64,1.42,7,CPU_BOUND
1934,2994,74,21.49,74.01,10,BACKGROUND
1935,1564,9,12.71,71.34,5,IO_BOUND
1936,709,40,87.59,11.05,4,CPU_BOUND
1937,2422,52,20.53,61.31,9,BACKGROUND
1938,1150,12,13.98,84.86,5,IO_BOUND
1939,2884,43,18.96,87.88,8,BACKGROUND
1940,18,32,81.32,18.26,6,CPU_BOUND
1941,1206,4,30.13,79.86,4,IO_BOUND
1942,2306,1,48.1,50.09,3,INTERACTIVE
1943,2428,43,5.96,50.02,8,BACKGROUND
1944,2185,6,40.31,45.22,3,INTERACTIVE
1945,1988,8,62.49,26.25,1,INTERACTIVE
1946,2553,54,6.35,85.88,8,BACKGROUND
1947,2799,31,6.02,42.61,10,BACKGROUND
1948,1256,4,31.73,71.99,7,IO_BOUND
1949,1428,2,24.56,75.31,6,IO_BOUND
1950,2814,77,14.15,71.49,8,BACKGROUND
1951,2465,24,27.78,59.29,8,BACKGROUND
1952,1072,12,13.24,89.26,4,IO_BOUND
1953,393,40,97.41,14.92,5,CPU_BOUND
1954,2916,55,10.04,86.46,8,BACKGROUND
1955,1446,10,28.72,80.66,4,IO_BOUND
1956,2651,29,25.4,54.84,8,BACKGROUND
1957,621,31,93.07,13.86,4,CPU_BOUND
1958,368,22,95.25,11.48,7,CPU_BOUND
1959,1169,6,26.7,64.55,6,IO_BOUND
1960,1709,11,11.58,72.02,4,IO_BOUND
1961,1404,7,10.58,61.74,4,IO_BOUND
1962,2405,5,71.58,33.11,1,INTERACTIVE
1963,709,51,84.86,13.94,6,CPU_BOUND
1964,677,38,81.85,14.49,5,CPU_BOUND
1965,1281,9,33.49,93.22,4,IO_BOUND
1966,2641,75,10.6,68.8,10,BACKGROUND
1967,905,47,82.67,16.4,4,CPU_BOUND
1968,2071,8,69.48,57.06,2,INTERACTIVE
1969,87,54,94.99,18.52,5,CPU_BOUND
1970,2984,36,18.02,40.18,9,BACKGROUND
1971,1807,3,31.2,80.78,6,IO_BOUND
1972,1548,2,28.24,88.85,6,IO_BOUND
1973,1364,6,28.16,73.84,7,IO_BOUND
1974,1952,4,56.3,50.46,2,INTERACTIVE
1975,326,22,82.8,18.93,6,CPU_BOUND
1976,1681,5,22.95,80.66,6,IO_BOUND
1977,2856,26,23.11,46.86,8,BACKGROUND
1978,1931,6,43.83,43.2,1,INTERACTIVE
1979,2340,4,69.73,50.34,3,INTERACTIVE
1980,2338,1,75.7,52.64,2,INTERACTIVE
1981,1525,9,26.27,67.24,5,IO_BOUND
1982,2978,20,8.76,62.93,8,BACKGROUND
1983,1250,12,34.64,93.15,5,IO_BOUND
1984,2865,51,9.24,45.51,8,BACKGROUND
1985,1906,1,56.38,56.58,2,INTERACTIVE
1986,45,52,84.4,1.42,4,CPU_BOUND
1987,2007,6,62.9,52.33,1,INTERACTIVE
1988,290,48,88.24,13.64,5,CPU_BOUND
1989,336,36,84.87,2.52,5,CPU_BOUND
1990,2603,24,24.34,60.89,9,BACKGROUND
1991,2514,50,25.51,82.08,8,BACKGROUND
1992,283,49,80.72,1.37,6,CPU_BOUND
1993,323,56,81.26,16.48,6,CPU_BOUND
1994,2654,58,13.0,65.12,10,BACKGROUND
1995,2793,75,6.27,60.36,9,BACKGROUND
1996,2847,31,25.39,48.81,10,BACKGROUND
1997,2879,28,25.05,72.7,8,BACKGROUND
1998,1918,8,62.62,54.73,3,INTERACTIVE
1999,2178,4,43.44,50.79,1,INTERACTIVE
2000,889,35,84.97,18.32,6,CPU_BOUND
